x,y,z
-2.5022,7.8546,5.4552
-2.2184,8.036,5.5997
-2.3919,8.0438,5.3814
-2.2891,7.7771,5.7118
-2.4153,7.8755,5.55
-2.5296,7.7939,5.3897
-2.4318,7.9043,5.4265
-2.4274,7.7633,5.3257
-2.3453,8.045,5.496
-2.4192,7.9233,5.3337
-2.3682,7.8333,5.3292
-2.4037,7.875,5.4979
-2.4598,7.7541,5.4085
-2.2807,7.8839,5.3942
-2.1745,7.7556,5.5649
-2.48,8.0664,5.6429
-2.314,7.905,5.4994
-2.5091,7.7738,5.3783
-2.3139,8.0046,5.4627
-2.3232,7.835,5.4959
-2.3528,7.9046,5.4577
-2.1918,7.9541,5.4081
-2.347,7.9159,5.5937
-2.1449,7.8754,5.5396
-2.2643,7.925,5.5004
-2.3379,7.9462,5.6161
-2.0765,7.7962,5.619
-2.2061,7.8359,5.5897
-2.2278,7.8265,5.6517
-2.4295,7.9467,5.6682
-2.3202,7.814,5.4011
-2.3988,7.8036,5.3589
-2.5216,7.8543,5.4344
-2.3583,7.9264,5.6359
-2.4573,7.8861,5.6131
-2.4651,7.7559,5.5857
-2.3654,7.8058,5.5778
-2.1578,7.8763,5.6334
-2.2898,7.7773,5.7326
-2.3155,7.8656,5.5599
-2.3828,7.6355,5.5484
-2.334,8.0345,5.4538
-2.3743,7.8752,5.5188
-2.2552,7.8456,5.5589
-2.1247,7.8255,5.5475
-2.2445,7.7856,5.5559
-2.2155,7.9254,5.5421
-2.303,7.8449,5.486000000000001
-2.1472,7.8562,5.622000000000001
-2.406,7.8857,5.5714
-2.2873,7.946000000000001,5.5952
-2.4118,8.1468,5.6782
-2.3191,8.0462,5.6211
-2.3219,7.7747,5.4721
-2.19,7.8538,5.3823
-2.1178,7.7169,5.6879
-2.4534,7.9546,5.4602
-2.2956,7.766,5.5966
-2.3578,7.8531,5.3093
-2.4049,7.8455,5.5485
-2.2517,7.8643,5.4349
-2.3268,7.7365,5.6472
-2.2846,7.7657,5.5654
-2.3893,7.9532,5.3247
-2.3219,7.8245,5.4537
-2.2271,7.7332,5.3242
-2.2639,7.895,5.4989
-2.292,7.7548,5.4815
-2.3823,8.024,5.4012
-2.3347,7.965,5.5024
-2.2579,7.6936,5.3638
-2.2579,7.996,5.5977
-2.1733,7.9247,5.4692
-2.512,7.8345,5.4542
-2.3711,7.8641,5.414
-2.4439,7.8651,5.5078
-2.387,7.8063,5.6299
-2.2817,7.974,5.3987
-2.4082,7.9662,5.6171
-2.2658,7.9255,5.5525
-2.1826,7.8647,5.4661
-2.3017,7.9441,5.4076
-2.3825,7.9344,5.4384
-2.3496,7.9833,5.3262
-2.2451,7.7259,5.5946
-2.2376,7.8862,5.6235
-2.1302,8.0864,5.6439
-2.4014,7.944,5.3972
-2.4328,7.7949,5.4939
-2.3848,7.7524,5.2418
-2.3076,7.8364,5.6418
-2.2207,7.9139,5.3853
-2.2599,7.8472,5.7153
-2.4074,8.0855,5.5501
-2.1407,7.7743,5.4304
-2.2455,7.8457,5.5694
-2.2062,7.8260000000000005,5.5996
-2.184,7.7156,5.5629
-2.2029,7.9146,5.4582
-2.1878,7.6637,5.3728
-2.3043,7.8154,5.5366
-2.345,7.8256,5.5579
-2.1835,7.9979,5.7853
-2.1531,7.9877,5.7744
-2.2394,7.9666,5.6587
-2.2934,7.9048,5.4786
-2.2703,7.9037,5.3744
-2.3209999999999997,7.7246,5.4591
-2.1161,7.8658,5.5808
-2.1814,7.9174,5.7396
-2.2784,7.9065,5.6453
-2.0746,7.7956,5.5564
-2.2796,7.9035,5.3535
-2.0275,7.6935,5.3534
-2.1369,7.7731,5.3053
-2.3736,7.7354,5.542999999999999
-2.1264,7.9456,5.5639
-2.4707,7.9969,5.6915
-2.3625,7.9344,5.4384
-2.0327,7.8148,5.4845
-2.2882,8.0459,5.5898
-2.0154,7.9154,5.5416
-2.3409999999999997,7.6449,5.4864
-2.2732,7.9645,5.4503
-2.0837,7.8451,5.5068
-2.3448,7.9152,5.5208
-2.1751,8.2177,5.765
-2.3604,8.0765,5.6538
-2.3039,7.9448,5.4806
-2.3065,7.9556,5.5644
-2.4264,7.9456,5.5639
-2.2394,7.7739,5.3887
-2.2497,7.7142,5.417000000000001
-2.2542,7.8652,5.5183
-2.4845,7.9151,5.5103
-2.4739,7.6259,5.5896
-2.2651,8.025,5.495
-2.4138,8.1275,5.7501
-2.2714,8.0869,5.6856
-2.2454,7.9154,5.5416
-2.4706,7.9338,5.3759
-2.4296,8.0065,5.6503
-2.1728,7.8548,5.4761
-2.2618,7.6551,5.5078
-2.4311,8.0269,5.693
-2.334,7.7355,5.5534
-2.3355,7.5965,5.6507
-2.4845,7.6759,5.5921
-2.1681,7.9562,5.6166
-2.2232,7.8848,5.4776
-2.2649,7.8455,5.5485
-2.045,7.8555,5.5489999999999995
-2.2928,7.9046,5.4577
-2.1713,7.7745,5.4512
-2.2073,7.916,5.6041
-2.3916,8.0238,5.3804
-2.3556,7.9055,5.5515
-2.4025,7.8247,5.4746
-2.3974,7.926,5.6046
-2.4133,7.516,5.605
-2.4985,7.9663,5.6275
-2.4418,7.8444,5.4443
-2.2929,7.8648,5.4766
-2.3181,7.7735,5.347
-2.3839,7.8651,5.5078
-2.253,7.9545,5.4498
-2.4835,8.1872,5.7219
-2.3515,8.0669,5.695
-2.4539,7.7056,5.5624
-2.3531,7.8549,5.4865
-2.4475,7.7434,5.3351
-2.085,8.0149,5.4945
-2.4524,7.8746,5.4562
-2.401,7.9937,5.3684
-2.4096,7.8736,5.3624
-2.3671,7.8728,5.2791
-2.2406,7.854,5.4031
-2.3603,7.9337,5.3654
-2.4436,8.0543,5.434
-2.5606,7.854,5.4031
-2.4768,7.8229,5.287000000000001
-2.5013,7.8044,5.4423
-2.2636,7.7852,5.5247
-2.5598,7.7541,5.4085
-2.2095,7.6743,5.4254
-2.3548,7.7258,5.5842
-2.2863,7.6632,5.3207
-2.2006,7.7942,5.421
-2.3096,7.6045,5.4531
-2.3559,7.7926,5.2646
-2.2791,8.0163,5.63
-2.1063,7.9955,5.5456
-2.4697,7.9368,5.6781
-2.3598,8.0265,5.6513
-2.6941,8.0778,5.7789
-2.2525,7.9875,5.7535
-2.3514,7.7845,5.4517
-2.147,8.0555,5.5486
-2.3626,7.9145,5.4478
-2.536,7.8558,5.5803
-2.1982,7.8366,5.6627
-2.3031,7.9047,5.4682
-2.6789,7.8933,5.3322
-2.2840000000000003,7.9548,5.4811
-2.2941,7.915,5.4999
-2.3737,7.9049,5.489
-2.3374,8.0357,5.5685
-2.4029,7.7551,5.5128
-2.1476,8.0557,5.5695
-2.2059,7.9355,5.553
-2.2679,7.8033,5.3277
-2.2324,7.735,5.5013
-2.0433,7.9247,5.4692
-2.0864,7.7862,5.6185
-2.487,7.9758,5.5759
-2.2913,7.8842,5.415
-2.4954,7.9652,5.5233
-2.1974,7.7367,5.6681
-2.3223,7.8047,5.4736
-2.2971,7.9559,5.5853
-2.1432,7.835,5.4959
-2.294,7.905,5.4994
-2.3982,7.9662,5.6171
-2.5505,7.947,5.6994
-2.4265,7.8759,5.5917
-2.1649,8.1445,5.4489
-2.3186,7.9464,5.6369
-2.5669,7.7764,5.6388
-2.3534,7.9048,5.4786
-2.1252,7.9552,5.5228
-2.3298,8.1661,5.6062
-2.3677,8.0856,5.5605
-2.3651,8.1877,5.774
-2.4851,8.025,5.495
-2.5054,8.2377,5.766
-2.4441,7.9648,5.4816
-2.5289,7.8368,5.6835
-2.2631,7.8549,5.4865
-2.3129,7.8049,5.4944
-2.3209999999999997,7.8839999999999995,5.4046
-2.2519,7.8544,5.4448
-2.145,7.8555,5.5489999999999995
-2.1623,7.7549,5.4919
-2.0873,7.7566,5.6587
-2.2722,7.7748,5.4825
-2.2958,7.9753,5.5342
-2.3818,7.8744,5.4354
-2.1798,7.6145,5.4536
-2.2021,7.8479,5.7882
-2.2005,7.843999999999999,5.4026
-2.2430000000000003,7.785,5.5038
-2.3244,8.0147,5.4737
-2.1712,7.9041,5.4056
-2.0023,7.8646,5.4557
-2.276,7.806,5.5986
-2.3525,7.8247,5.4746
-2.36,7.9369,5.6885
-2.2078,8.0956,5.561
-2.1544,8.0746,5.4558
-2.2008,7.8441,5.412999999999999
-1.9864,7.8427,5.2671
-2.2627,8.0042,5.421
-2.3966,7.9656,5.5649
-2.3082,7.727,5.6988
-2.0687,7.7637,5.3674
-2.1244,7.7456,5.5644
-2.2387,7.9863,5.6285
-2.3207,7.9371,5.7094
-2.2482,7.9961,5.6081
-2.1630000000000003,7.8449,5.486000000000001
-1.8976,7.8065,5.6507
-2.1112,7.8243,5.4329
-2.3356,7.9852,5.5243
-2.1486,8.0859,5.5918
-2.2249,7.9252,5.5213
-2.222,8.0538,5.3819
-2.2735,7.855,5.4969
-2.2802,7.8937,5.3739
-2.2408,7.9239,5.3858
-2.2467,8.0255,5.5471
-2.3635,7.9945,5.4518
-2.2036,7.8152,5.5158
-2.1465,7.846,5.6006
-2.1223,7.8346,5.4646
-2.1176,8.0756,5.56
-2.1959,8.1249,5.4896
-1.9683,7.922999999999999,5.3024
-2.2848,7.7524,5.2418
-2.0454,7.8623,5.2264
-2.3177,8.1454,5.5427
-2.4484,8.0161,5.6091
-2.6104,8.0267,5.6722
-2.4759,8.095,5.4985
-2.4395,8.0264,5.6409
-2.4434,8.1473,5.7303
-2.1491,7.7439,5.3872
-2.0796,7.6244,5.4437
-2.0929,7.8349,5.4855
-2.1965,7.846,5.6006
-2.2882,8.0459,5.5898
-2.4096,7.763999999999999,5.3986
-2.2988,7.8036,5.3589
-2.3721,8.0073,5.7337
-2.2912,8.1167,5.6662
-2.474,7.9847,5.4722
-2.2484,7.9862,5.6181
-2.1705,7.7344,5.4388
-2.3251,7.9452,5.5223
-2.2539,8.0046,5.4627
-2.2802,7.8738,5.3833
-2.3203,7.8539,5.3927
-2.2194,7.7739,5.3887
-2.3644,7.8852,5.5193
-2.18,7.6944,5.4368
-2.0855,7.8158,5.5783
-2.1503,7.7144,5.4378
-2.4715,7.8443,5.4339
-2.1536,7.9447,5.4702
-2.3901,8.1861,5.6072
-2.2831,7.825,5.4954
-2.4449,8.0049,5.494
-2.161,7.8043,5.4319
-2.1608,7.7843,5.4309
-2.2755,7.9752,5.5238
-2.1569,7.9658,5.5754
-2.3824,7.8447,5.4651
-2.2728,7.8249,5.485
-2.2714,7.9739,5.3883
-2.3548,7.8654,5.5391
-2.2688,7.8335,5.35
-2.26,7.9036,5.3639
-2.338,8.1654,5.5437
-2.3268,7.9258,5.5838
-2.2846,7.9849,5.492999999999999
-2.3401,7.8638,5.3828
-2.26,7.8239,5.3912
-2.2609,7.9837,5.3679
-2.2709,7.904,5.3952
-2.1659,7.8458,5.5798
-2.2543,7.7955,5.546
-2.1733,7.845,5.4964
-2.2249,7.9551,5.5123
-2.3292,8.0861,5.6126
-2.3783,7.7636,5.3569
-2.4348,8.0548,5.4757
-2.1923,7.8646,5.4557
-2.2954,7.8855,5.5505
-2.225,7.7957,5.5669
-2.3746,7.9251,5.5108
-2.5445,8.0547,5.4652
-2.6417,7.8943,5.426
-2.3079,7.6737,5.3733
-2.092,7.8645,5.4453
-1.9393,7.7141,5.4065
-2.3661,7.9754,5.5446
-2.6142,7.9748,5.4821
-2.2426,7.5623,5.2323
-1.9666,7.7231,5.3132
-1.869,7.9266,5.6567
-2.2686,8.1158,5.5829
-2.4167,8.165,5.502000000000001
-2.3178,8.368,5.8038
-2.3663,8.0984,5.8424
-2.1719,7.8844,5.4359
-1.9635,7.9945,5.4518
-2.1863,7.8559,5.5907
-2.0615,8.1766,5.6588
-2.274,7.7156,5.5629
-2.205,7.7957,5.5669
-2.2389,8.003,5.296
-2.2712,8.1233,5.3333
-2.3329,7.9146,5.4582
-2.3489,7.8933,5.3322
-2.2905,8.0865,5.6543
-2.3902,7.8937,5.3739
-2.2759,8.1249,5.4896
-2.2914,7.944,5.3972
-2.0486,7.952999999999999,5.3039
-1.9711,7.8143,5.4324
-2.0780000000000003,7.7568,5.6795
-2.1165,7.9257,5.5734
-2.3455,8.1447,5.4697
-2.4908,8.1166,5.6558
-2.1921,7.9841,5.4096
-2.2864,7.7828,5.285
-2.1383,7.8134,5.3386
-2.0518,7.9043,5.4265
-2.2569,8.0156,5.557
-1.9474,7.7633,5.3257
-1.915,7.9352,5.5218
-2.1747,7.9351,5.5113
-2.3502,7.8738,5.3833
-2.2861,7.9223,5.2294
-2.1063,7.6931,5.3117
-1.9886,7.8135,5.349
-2.0873,7.5938,5.3797
-1.9769999999999999,8.1651,5.5124
-2.3212,8.1466,5.6573
-2.3219,8.1269,5.6876
-2.1643,7.7655,5.5549
-1.8013,7.8343,5.4334
-2.1258,7.8657,5.5704
-2.137,7.9957,5.5665
-2.3686,8.0062,5.6191
-2.4368,8.0355,5.5476
-2.272,8.0572,5.7154
-2.3771,7.896,5.6031
-2.6487,8.1457,5.574
-2.5508,7.9538,5.3769
-2.1528,7.9843,5.4305
-2.2197,7.7441,5.4079999999999995
-2.1931,7.9047,5.4682
-2.1203,7.9337,5.3654
-2.2531,8.0442,5.422999999999999
-2.2739,7.8352,5.5168
-2.3109,7.904,5.3952
-2.2526,7.8348,5.4751
-2.2268,7.8727,5.2686
-1.9666,7.7763,5.6284
-2.3634,7.8251,5.5058
-2.174,8.0678,5.7784
-2.1082,7.9662,5.6171
-2.3482,8.1356,5.563
-2.3127,8.1138,5.3849
-2.2478,7.9362,5.6156
-2.2508,7.7843,5.4309
-2.4167,7.9158,5.5833
-2.5048,7.8355,5.547999999999999
-2.241,7.914,5.3957
-2.0132,7.9446,5.4597
-2.2967,8.1351,5.5109
-2.1017,7.8643,5.4349
-2.3459,7.9554,5.5436
-2.119,8.0661,5.6116
-2.2394,8.0696,5.9556
-2.3233,7.8383,5.8294
-2.6648,8.2175,5.7546
-2.9167,8.0853,5.5293
-2.4726,7.8647,5.4661
-2.2609,7.8242,5.4225
-2.3474,7.7932,5.3167
-2.0857,7.8624,5.2369
-2.3744,7.8021,5.212999999999999
-2.4844,7.8553,5.5282
-2.2705,7.8141,5.4115
-2.262,7.7548,5.4815
-2.2427,7.8448,5.4756
-2.4891,7.9631,5.3148
-2.3434,7.9314,5.1362
-2.338,7.8731,5.3103
-2.2218,7.8444,5.4443
-2.1007,7.8839,5.3942
-1.8696,7.9534,5.3352
-2.2902,8.0034,5.3377
-2.1359,7.7727,5.2741
-2.3256,7.5534,5.336
-2.2902,7.814,5.4011
-2.4295,7.8636,5.3619
-2.7646,7.9849,5.492999999999999
-2.7123,8.024,5.4012
-2.3817,7.8943,5.426
-2.2825,8.044,5.4022
-2.0837,7.9547,5.4707
-2.0809,8.1232,5.3228
-2.2236,8.2171,5.7129
-2.4437,8.0378,5.7769
-2.8984,8.0659,5.5908
-2.617,8.1618,5.1789
-1.6377,7.76,5.0026
-1.652,7.6751,5.5088
-1.2174,7.5739,5.3891
-2.1451,7.5864,5.6397
-2.2652,8.1147,5.4682
-2.1647,7.9384,5.8448
-2.0596,8.0663,5.6325
-1.9886,8.1956,5.5556
-2.0817,8.0537,5.3714
-2.6382,8.026,5.5992
-2.6049,7.8455,5.5485
-2.2644,8.0147,5.4737
-2.1016,8.0238,5.3804
-2.0552,7.9552,5.5228
-2.0794,7.9666,5.6587
-2.2482,8.0459,5.5898
-2.2463,7.9157,5.5729
-2.3078,8.0657,5.57
-2.3121,8.0672,5.7159
-2.2494,8.126,5.6042
-2.1725,8.0938,5.3839
-2.3286,7.952999999999999,5.3039
-2.1115,7.9839,5.3888
-2.1752,7.9253,5.5317
-2.2804,7.9669,5.69
-2.1487,8.1457,5.574
-2.1026,8.0275,5.7451
-2.0091,7.9964,5.6394
-2.1343,8.0945,5.4464
-2.1628,7.8249,5.485
-2.2071,8.0057,5.567
-2.0772,7.6934,5.343
-1.8911,7.9239999999999995,5.3962
-2.3933,7.8914,5.1446
-2.5201,7.9136,5.3644
-2.2953,8.015,5.5049
-2.2282,7.8565,5.6532
-2.148,8.0857,5.571000000000001
-2.1567,8.0853,5.5293
-1.8676,7.8364,5.6418
-2.2919,7.9641,5.4086
-2.0888,7.7737,5.3679
-2.2376,8.0756,5.56
-2.0346,7.8454,5.5381
-2.2671,7.896,5.6031
-2.1526,8.1371,5.7089
-2.354,7.9847,5.4722
-2.2593,8.0064,5.6399
-2.2871,7.9525,5.2518
-1.9403,7.7443,5.4289
-2.2403,7.9037,5.3744
-2.224,7.905,5.4994
-2.3138,7.8551,5.5073
-2.3065,8.0653,5.5283
-2.25,8.0664,5.6429
-2.4634,8.2071,5.7124
-2.4542,7.9782,5.8156
-2.2057,8.1049,5.4886
-2.1430000000000002,7.8947,5.4677
-1.983,7.7053,5.5311
-2.1109,7.904,5.3952
-2.0484,7.8533,5.3302
-2.2962,7.712999999999999,5.3023
-2.2553,7.7958,5.5773
-2.3007,8.0766,5.6642
-2.4594,8.2091,5.9105
-2.1855,7.9553,5.5332
-2.0532,7.9645,5.4503
-2.122,7.8345,5.4542
-2.1838,7.9348,5.4801
-2.2778,7.8564,5.6428
-2.0463,7.9157,5.5729
-2.1441,7.8552,5.5178
-2.1737,7.9049,5.489
-2.2717,7.9474,5.7411
-2.3731,7.8748,5.4771
-2.1993,7.7938,5.3793
-2.1216,7.8543,5.4344
-2.0886,7.9763,5.627999999999999
-2.1681,7.8233,5.3287
-2.2049,8.0349,5.4851
-2.1469,8.0156,5.557
-2.4711,7.7844,5.4413
-2.2071,7.896,5.6031
-1.9725,7.8247,5.4746
-2.2546,7.8221,5.2139999999999995
-2.1413,7.9938,5.3789
-2.1416,7.8843,5.4255
-2.3015,7.7945,5.4522
-2.0266,7.9357,5.5739
-2.2868,7.9258,5.5838
-2.3658,8.0053,5.5253
-2.2853,8.015,5.5049
-1.996,7.9954,5.5352
-2.2051,7.8356,5.5584
-2.267,8.0854,5.5397
-2.1068,7.7963,5.6294
-1.9606,7.8474,5.7361
-2.2665,8.0354,5.5372
-2.2422,7.8845,5.4463
-2.0709999999999997,7.9439,5.3868
-2.0418,7.8744,5.4354
-2.1318,7.8744,5.4354
-2.2317,7.8943,5.426
-2.1055,7.8457,5.5694
-2.0771,7.9559,5.5853
-2.2246,7.9849,5.492999999999999
-2.161,8.1266,5.6563
-2.2056,8.065,5.497000000000001
-2.1342,7.7855,5.5455
-2.1339,7.7056,5.5624
-2.1015,7.954,5.3977
-2.2148,7.7558,5.5753
-2.259,7.9864,5.6389
-2.3924,8.1171,5.7079
-2.3166,8.2347,5.4742
-2.2366,8.0753,5.5288
-2.1617,7.8145,5.4532
-2.2663,7.6632,5.3207
-2.1852,7.7858,5.5768
-2.3381,7.9329,5.2925
-2.3334,8.0942,5.4151
-1.9025,7.9045,5.4473
-2.3403,7.9636,5.3565
-2.2575,7.8231,5.3078
-2.1465,7.9058,5.5828
-2.2409,7.9837,5.3679
-2.2477,7.8962,5.624
-2.2051,7.9452,5.5223
-2.1534,7.9845,5.4513
-2.1674,7.926,5.6046
-2.062,7.8645,5.4453
-1.9291,7.8568,5.6845
-1.9904,7.8872,5.7173
-2.3288,8.2654,5.5383
-2.295,8.1777,5.7735
-2.1717,7.9773,5.7322
-2.0749,7.8754,5.5396
-2.2233,7.9247,5.4692
-2.2271,7.9027,5.2701
-2.2604,7.8838,5.3838
-2.2449,7.8455,5.5485
-2.2729,7.7252,5.5217
-2.2711,7.7844,5.4413
-2.2795,7.8138,5.3803
-2.4077,7.8431,5.3088
-2.2931,7.7419,5.1892
-2.4616,7.665,5.4978
-2.1184,8.0128,5.2756
-2.2201,7.8638,5.3828
-2.2779,7.9462,5.6161
-2.3075,7.9061,5.6141
-2.1731,7.8549,5.4865
-2.3461,7.7329,5.2929
-2.072,7.9143,5.4270000000000005
-2.1964,7.733,5.3033
-2.2701,7.7542,5.419
-2.4777,7.8464,5.6423
-2.4172,8.0157,5.5675
-2.5932,8.1074,5.7387
-2.5077,8.3049,5.4882
-2.2022,8.014,5.4007
-2.0526,7.8647,5.4661
-2.0238,7.9348,5.4801
-2.4415,7.9839,5.3888
-2.3899,7.9235,5.3545
-2.5711,8.0336,5.36
-2.2917,7.9175,5.75
-2.1675,7.9361,5.6051
-2.1016,7.8543,5.4344
-2.2077,7.872999999999999,5.2999
-2.2286,7.7039,5.3852
-2.0803,7.8539,5.3927
-2.2503,7.9037,5.3744
-2.4819999999999998,8.1335,5.3546
-2.6210000000000004,8.1332,5.3233
-2.1439,7.895,5.4989
-2.1898,8.0763,5.632999999999999
-2.4963,8.1848,5.4822
-2.237,8.0555,5.5486
-2.1843,7.925,5.5004
-2.3319,7.7448,5.481
-2.237,8.0854,5.5397
-2.4086,7.952999999999999,5.3039
-2.3865,8.0619,5.1948
-2.3498,7.9435,5.3451
-2.4386,8.0328,5.2766
-2.4374,7.9526,5.2622
-2.2812,7.8243,5.4329
-2.3114,7.8942,5.4155
-2.2148,8.0548,5.4757
-2.247,7.9458,5.5848
-2.3035,7.8052,5.5153
-2.2932,7.8848,5.4776
-2.5144,8.0413,5.1312
-2.5318,7.8744,5.4354
-2.4652,8.0649,5.4866
-2.2398,7.9435,5.3451
-2.2741,7.8054,5.5361
-2.1231,7.8748,5.4771
-2.155,7.985,5.5034
-2.548,7.893,5.3009
-2.2283,7.7835,5.3475
-2.1938,8.0743,5.435
-2.3209999999999997,7.9439,5.3868
-2.3224,7.9543,5.428999999999999
-2.5086,7.9231,5.3128
-2.1794,7.8835,5.3525
-2.2503,8.0134,5.3382
-2.4479,7.9661,5.6066
-2.3715,7.9042,5.416
-2.1161,8.115,5.4995
-1.9906,7.8241,5.412000000000001
-2.2839,7.895,5.4989
-2.1532,7.9944,5.4414
-2.0993,8.0662,5.6221
-1.9175,7.8231,5.3078
-2.1559,7.9355,5.553
-2.1237,7.9547,5.4707
-1.9873,7.8861,5.6131
-2.1715,7.9872,5.7223
-2.5747,8.0148,5.4841
-2.2053,8.015,5.5049
-2.0196,8.0065,5.6503
-2.0434,7.7918,5.1813
-1.9782,7.7237,5.3653
-2.1262,7.9555,5.553999999999999
-1.9909999999999999,7.8874,5.7381
-2.2377,7.8663,5.6329
-2.2812,7.7978,5.7753
-2.2349,7.9252,5.5213
-2.3103,7.9037,5.3744
-1.9528,7.9345,5.4488
-2.2202,7.9835,5.3471
-2.3688,7.992999999999999,5.2955
-2.4011,8.2462,5.6206
-2.5511,7.9771,5.7114
-2.383,8.1173,5.7288
-2.1832,8.0243,5.4325
-2.0679,8.1853,5.5343
-1.9634,8.0942,5.4151
-2.2295,7.8138,5.3803
-2.325,8.0748,5.4767
-2.293,7.8947,5.4677
-2.2553,8.045,5.496
-2.1848,7.975,5.5029
-2.2238,7.9647,5.4712
-1.9012,8.0668,5.6846
-2.0982,8.026,5.5992
-2.3689,8.0063,5.6295
-2.4145,7.8952,5.5198
-2.6892,7.9732,5.3153
-2.5339,7.9714,5.1382
-2.3607,8.3723,5.2311
-1.9664,8.1649,5.4916
-2.1868,7.8428,5.2776
-2.3127,7.9544,5.4394
-2.2461,7.8426,5.2567
-2.3091,7.9631,5.3148
-2.4947,8.0148,5.4841
-2.5995,8.1061,5.6136
-2.4344,8.1543,5.4285
-2.3942,7.9748,5.4821
-1.9864,7.8128,5.2761
-2.5806,7.9637,5.3669
-2.2437,7.6624,5.2373
-2.2822,7.8845,5.4463
-2.0962,7.9855,5.5451
-2.4316,7.9341,5.4071
-2.4556,7.9354,5.5426
-2.1947,7.8853,5.5297
-2.4242,8.0047,5.4732
-2.459,7.9531,5.3143
-2.2727,8.0341,5.4121
-2.2359999999999998,7.8625,5.2473
-2.3647,7.882000000000001,5.1962
-2.4645,7.8387,4.8711
-2.3746,7.7357,5.5743
-2.2361,8.1648,5.4812
-2.3921,8.0638,5.3824
-2.4013,8.1532,5.3243
-2.2671,7.9525,5.2518
-2.0805,7.9238,5.3754
-2.3653,8.015,5.5049
-2.2727,7.9544,5.4394
-2.4591,8.0728,5.2786
-2.4014,7.9241,5.4066
-2.3103,8.0433,5.3292
-2.2901,7.7808,5.0765
-2.2428,8.0142,5.4215
-2.4723,8.0539,5.3923
-2.5597,7.8836,5.3629
-2.556,8.0219,5.1928
-2.0849,7.8721,5.2061
-2.3058,7.8956,5.5614
-2.3715,8.0337,5.3704
-2.3634,7.9845,5.4513
-2.4425,7.8547,5.4656
-2.3924,8.1736,5.3566
-2.4456,8.0451,5.5064
-2.3514,7.9739,5.3883
-2.5459,8.0651,5.5074
-2.2405,8.0035,5.3481
-2.3604,7.9437,5.3659
-2.2903,7.9337,5.3654
-2.3346,8.1743,5.4295
-2.3983,7.922999999999999,5.3024
-2.3076,7.9427,5.2721
-2.2969999999999997,7.9957,5.5665
-2.11,7.8837,5.3734
-2.21,7.8239,5.3912
-2.2955,7.8424,5.2359
-2.4518,7.9043,5.4265
-2.4785,7.8035,5.3485
-2.1661,7.7329,5.2929
-2.3311,7.9239999999999995,5.3962
-2.5382,7.912999999999999,5.3019
-2.3847,8.0747,5.4662
-2.4436,8.0843,5.425
-2.1761,7.8924,5.2384
-2.4508,7.8142,5.422000000000001
-2.4179,7.7235,5.3549
-2.3381,8.0658,5.5804
-2.1704,7.8838,5.3838
-2.124,8.0146,5.4632
-2.3358,7.9753,5.5342
-2.263,7.8415,5.1525
-2.2745,7.9151,5.5103
-2.1749,7.8455,5.5485
-2.2809,7.9571,5.7104
-2.1868,8.0953,5.5298
-2.5664,8.1649,5.4916
-2.4598,7.8637,5.3724
-2.4965,8.0653,5.5283
-2.2223,8.024,5.4012
-2.4228,8.1538,5.3764
-2.2421,7.9841,5.4096
-2.2447,8.1544,5.439
-2.4043,8.0945,5.4464
-2.2409,8.0435,5.3501
-2.4168,7.8428,5.2776
-2.4528,7.7717,5.1698
-2.3216,7.9639999999999995,5.3982
-2.2953,7.9054,5.5411
-2.4286,7.9231,5.3128
-2.318,7.9229,5.292000000000001
-2.2512,7.9041,5.4056
-2.278,7.8432,5.3192
-2.4804,7.9935,5.3476
-2.3401,7.9967,5.6707
-2.3686,7.8633,5.3307
-2.1429,7.8847,5.4672
-2.3613,7.9141,5.4061
-2.441,7.914,5.3957
-2.3381,8.0127,5.2652
-2.5392,7.9432,5.3242
-2.439,7.8435,5.3505
-2.5114,8.0835,5.3521
-2.244,7.9017,5.1659
-2.1358,7.9222,5.218999999999999
-2.0262,8.0419,5.1938
-2.4290000000000003,7.9831,5.3054
-2.0762,7.9855,5.5451
-2.2715,7.9839,5.3888
-2.3208,7.9239,5.3858
-2.3016,8.0736,5.362
-2.3687,7.8235,5.3495
-2.3527,7.8414,5.1421
-2.148,8.0026,5.2647
-2.3162,7.8260000000000005,5.5996
-2.5127,8.0341,5.4121
-2.2925,7.9045,5.4473
-2.4674,8.255,5.4961
-2.4417,7.974,5.3987
-2.3027,8.0341,5.4121
-2.3242,8.1941,5.4097
-2.565,8.1246,5.4583
-2.227,7.7831,5.3058
-2.3911,7.9738,5.3779
-2.4496,7.8437,5.3714
-2.532,7.9442,5.417999999999999
-2.1398,7.8936,5.3634
-2.3586,7.7836,5.3579
-2.2851,7.9452,5.5223
-2.1717,7.8643,5.4349
-2.4184,8.0958,5.5819
-2.2162,7.9555,5.553999999999999
-2.3413,8.0237,5.3699
-2.5448,8.1644,5.4395
-2.4095,8.2756,5.5596
-2.2624,8.0639,5.3928
-2.3744,8.1543,5.4285
-2.3861,8.0851,5.5084
-2.4913,7.9141,5.4061
-2.5555,8.1447,5.4697
-2.3121,8.1436,5.3551
-2.3679,7.9727,5.2736
-2.2587,8.0428,5.2771
-2.3011,8.0535,5.3506
-2.3638,7.885,5.4984
-2.3984,7.9629,5.294
-2.2594,7.8536,5.3614
-2.2342,8.0047,5.4732
-2.1035,7.9646,5.4607
-2.175,8.0449,5.4856
-2.4828,7.9843,5.4305
-2.269,7.9332,5.3237
-2.4197,7.9334,5.3446
-2.4165,8.0653,5.5283
-2.4296,7.9035,5.3535
-2.3831,8.0143,5.432
-2.1925,7.9643,5.4295
-2.3645,8.0846,5.4563
-2.5184,7.933,5.3029
-2.4676,7.7534,5.3356
-2.1921,7.901,5.1034
-2.4312,7.9539,5.3873
-2.3382,8.1057,5.572
-2.1727,7.8148,5.4845
-2.2053,7.9851,5.5138
-2.3282,7.8831,5.3108
-2.3228,7.9843,5.4305
-2.3901,7.9136,5.3644
-2.2706,8.0434,5.3397
-2.4099,7.794,5.4001
-2.4931,8.094,5.4047
-2.3842,7.9449,5.4910000000000005
-2.3238,7.9647,5.4712
-2.346,7.8625,5.2473
-2.5095,8.0829,5.2896
-2.4433,8.0044,5.4419
-2.7438,8.2936,5.3626
-2.2033,8.0841,5.4146
-2.4413,7.9141,5.4061
-2.2992,7.8934,5.3426
-2.3286,7.8633,5.3307
-2.3078,7.9029,5.291
-2.3448,7.8321,5.2145
-2.1925,8.044,5.4022
-2.464,7.8717,5.1748
-2.4269,7.9624,5.2419
-2.3465,7.8726,5.2582
-2.4021,8.0339,5.3913
-2.4047,8.0148,5.4841
-2.3014,7.9739,5.3883
-2.3957,7.9653,5.5337
-2.371,7.9439,5.3868
-2.3985,7.8832,5.3212
-2.3684,8.0427,5.2667
-2.1781,7.9562,5.6166
-2.21,7.8538,5.3823
-2.3244,7.9948,5.4831
-2.459,7.9531,5.3143
-2.5154,7.9652,5.5233
-2.3094,7.9134,5.3436
-2.298,8.0857,5.571000000000001
-2.4235,8.1341,5.4067
-2.4419,7.994,5.3997
-2.541,8.2661,5.6112
-2.3885,7.9929,5.2851
-2.2754,7.9951,5.5143
-2.5485,7.9131,5.3123
-2.3271,7.9525,5.2518
-2.5095,7.9433,5.3347
-2.4619999999999997,7.8611,5.1118
-2.4485,7.9131,5.3123
-2.2206,7.9338,5.3759
-2.4225,8.0739,5.3933
-2.2291,7.8336,5.3604
-2.2882,7.912999999999999,5.3019
-2.4207,8.0534,5.3402
-2.5067,8.1949,5.4931
-2.4742,8.0845,5.4459
-2.4507,7.9438,5.3764
-2.4331,8.0143,5.432
-2.2297,7.9933,5.3267
-2.2894,7.8835,5.3525
-2.4199,8.0033,5.3272
-2.3079,8.0824,5.2375
-2.3694,7.8835,5.3525
-2.3401,7.9136,5.3644
-2.1799,7.794,5.4001
-2.2395,7.7839,5.3892
-2.476,8.0452,5.5168
-2.3171,7.8728,5.2791
-2.3776,7.9427,5.2721
-2.1851,8.025,5.495
-2.282,7.9442,5.417999999999999
-2.3834,8.0144,5.4424
-2.4293,7.8436,5.3609
-2.2183,7.7835,5.3475
-2.2342,8.0246,5.4637
-2.3433,7.8948,5.4781
-2.2257,7.8358,5.5793
-2.4395,8.052999999999999,5.2985
-2.1849,7.8156,5.5574
-2.0989,7.9232,5.3232
-2.2987,7.9032,5.3222
-2.2871,8.0057,5.567
-2.4051,7.9153,5.5312
-2.4637,8.1242,5.4166
-2.3488,7.8534,5.3406
-2.2013,7.9938,5.3789
-2.5233,8.1141,5.4057
-2.5988,8.1325,5.2504
-2.5588,7.7737,5.3679
-2.4365,7.8726,5.2582
-2.2236,7.7852,5.5247
-2.312,7.9741,5.4091
-2.3824,7.9543,5.428999999999999
-2.4179,7.9926,5.2642
-2.4729,8.0242,5.422000000000001
-2.3691,7.9133,5.3332
-2.3638,7.9647,5.4712
-2.2486,8.0261,5.6096
-2.4819999999999998,7.8345,5.4542
-2.3408,7.8939,5.3947
-2.3681,7.903,5.3014
-2.4791,7.9631,5.3148
-2.4036,8.0344,5.4434
-2.4441,7.915,5.4999
-2.3627,8.1138,5.3849
-2.5253,8.0948,5.4777
-2.3735,7.9945,5.4518
-2.4303,7.9037,5.3744
-2.3664,7.8128,5.2761
-2.4153,7.8822,5.2170000000000005
-2.4737,8.0643,5.4345
-2.525,7.8023,5.2339
-2.4991,7.8336,5.3604
-2.6118,7.9043,5.4265
-2.3593,7.7639,5.3882
-2.3195,7.8337,5.3709
-2.4729,7.8847,5.4672
-2.3272,7.9326,5.2612
-2.1787,7.9032,5.3222
-2.4265,8.042,5.2042
-2.2399,7.8438,5.3818
-2.3518,7.9541,5.4081
-2.4090000000000003,7.9332,5.3237
-2.3961,7.9522,5.2205
-2.5982,8.0526,5.2568
-2.3268,7.8229,5.287000000000001
-2.2715,8.0935,5.3526
-2.3845,7.945,5.5014
-2.2312,7.7645,5.4507
-2.4225,8.044,5.4022
-2.5625,8.0141,5.4111
-2.4923,7.9144,5.4374
-2.2245,8.1344,5.438
-2.1632,7.9147,5.4687
-2.2104,7.9736,5.357
-2.4713,7.9141,5.4061
-2.2224,8.0639,5.3928
-2.3248,7.8321,5.2145
-2.2997,7.9933,5.3267
-2.1533,7.9745,5.4508
-2.4034,7.9048,5.4786
-2.3047,8.0148,5.4841
-2.2697,7.8836,5.3629
-2.2199,7.9535,5.3456
-2.4567,7.9757,5.5654
-2.4042,8.0845,5.4459
-2.1322,7.8845,5.4463
-2.2981,8.0957,5.5715
-2.3494,7.9633,5.3252
-2.1802,7.9835,5.3471
-2.2805,7.9537,5.3664
-2.2598,7.784,5.3996
-2.3207,7.8341,5.4125
-2.2965,7.9324,5.2404
-2.476,8.105,5.499
-2.45,7.9335,5.355
-2.2096,7.9833,5.3262
-2.1902,8.0034,5.3377
-2.2095,8.0032,5.3168
-2.3632,8.0542,5.4235
-2.4559,7.8226,5.2557
-2.1001,7.9136,5.3644
-2.1822,7.9941,5.4101
-2.3756,8.0451,5.5064
-2.1724,8.033999999999999,5.4017
-2.5711,8.2462,5.6206
-2.6260000000000003,8.3774,5.7418
-2.7012,8.2263,5.6301
-2.4575,8.3447,5.4693
-2.1484,8.0925,5.2484
-2.3597,7.8836,5.3629
-2.0472,7.8529,5.2885
-2.245,7.8222,5.2244
-2.2489,7.8933,5.3322
-2.3187,8.066,5.6012
-2.3607,7.8839,5.3942
-2.7106,7.9637,5.3669
-1.6796,7.6809,5.0924
-2.1803,7.8539,5.3927
-1.7157,7.7494,4.9396
-1.6355,7.653,5.2993
-1.7898,7.671,5.1023
-1.6797,7.6909,5.0929
-1.7615,7.6616,5.1643
-1.9014,7.7845,5.4517
-2.1891,7.8868,5.6756
-2.4876,8.0756,5.56
-2.7604,8.2161,5.6087
-2.2352,7.9751,5.5133
-2.1863,8.0453,5.5273
-1.7144,8.0147,5.4737
-1.9084,7.9031,5.3118
-2.025,7.9618,5.1793
-2.1593,7.9034,5.3431
-2.1996,8.0331,5.3079
-2.3615,8.0636,5.3615
-2.2785,7.9929,5.2851
-2.591,7.8839999999999995,5.4046
-2.3359,8.1448,5.4802
-2.3211,7.8641,5.414
-2.2395,7.9733,5.3257
-2.0822,7.9941,5.4101
-2.1599,7.9834,5.3367
-1.9445,7.945,5.5014
-2.1557,7.9952,5.5248
-2.1472,8.0755,5.5496
-2.1872,8.1253,5.5313
-2.3521,8.1136,5.364
-2.2809,8.1232,5.3228
-2.4112,8.0635,5.3511
-2.1211,7.9738,5.3779
-2.0598,7.8936,5.3634
-2.2411,8.1133,5.3327
-2.4339,8.1641,5.4082
-2.0761,8.1947,5.4722
-2.174,7.9548,5.4811
-2.2514,8.0536,5.361000000000001
-2.1724,7.8712,5.1227
-2.1145,8.1344,5.438
-2.3578,7.8531,5.3093
-2.3812,7.9539,5.3873
-2.4416,7.8843,5.4255
-2.3986,8.1424,5.2405
-2.2874,8.1951,5.5139
-2.3933,8.0044,5.4419
-2.296,7.9654,5.5441
-2.1838,8.0444,5.4439
-2.141,7.9439,5.3868
-2.5792,7.9732,5.3153
-2.2359,8.1448,5.4802
-2.2255,8.0849,5.4876
-2.4454,7.9652,5.5233
-2.2494,8.0729,5.2891
-2.2016,8.1833,5.3258
-2.1674,7.9825,5.2533
-2.3759,8.0651,5.5074
-2.3098,7.9435,5.3451
-2.2325,8.044,5.4022
-2.3280000000000003,7.8731,5.3103
-2.2176,8.0258,5.5784
-2.2698,7.9734,5.3362
-2.2189,8.0329,5.2871
-2.3304,8.0533,5.3297
-2.3561,7.9522,5.2205
-2.4439,8.0046,5.4627
-2.4442,8.0545,5.4548
-2.1118,7.8444,5.4443
-2.3095,8.2723,5.2261
-2.2083,8.0327,5.2662
-2.3861,7.9455,5.5535
-2.3654,8.055,5.4965
-2.4023,8.0539,5.3923
-2.3125,7.9643,5.4295
-2.2502,8.0333,5.3287
-2.3646,7.8753,5.5292
-2.3913,7.8343,5.4334
-2.0939,8.0544,5.4444
-2.3341,7.9648,5.4816
-2.2495,7.9433,5.3347
-2.3364,8.1649,5.4916
-2.2642,8.0545,5.4548
-2.4134,8.0642,5.4239999999999995
-2.1989,7.8136,5.3594
-2.19,7.9335,5.355
-2.3278,7.9029,5.291
-2.4416,8.0238,5.3804
-2.3065,7.9025,5.2493
-2.3458,8.0053,5.5253
-2.3692,8.1924,5.242999999999999
-2.2299,7.9535,5.3456
-2.2192,7.8137,5.3699
-2.2831,7.9844,5.4409
-2.1655,8.0849,5.4876
-2.4473,7.8928,5.2801
-2.3685,8.0228,5.2761
-2.3744,8.0214,5.1407
-2.3435,7.9945,5.4518
-2.2921,8.0638,5.3824
-2.2191,7.8834,5.3421
-2.4936,7.9215,5.1461
-2.3244,7.8553,5.5282
-2.3937,7.8252,5.5163
-2.4187,7.9032,5.3222
-2.387,8.2149,5.4941
-2.4141,7.8020000000000005,5.2026
-2.3479,8.1355,5.5526
-2.3886,8.2454,5.5373
-2.6018,7.984,5.3992
-2.4102,7.8937,5.3739
-2.2247,7.9351,5.5113
-2.2165,8.042,5.2042
-2.3532,8.0509,5.09
-2.3428,7.9345,5.4488
-2.5269,8.0754,5.5392
-2.2117,7.9441,5.4076
-2.354,7.9548,5.4811
-2.2891,8.0429,5.2876
-2.2665,7.9257,5.5734
-2.4125,7.9045,5.4473
-2.3209999999999997,8.0236,5.3595
-2.4617,8.0039,5.3898
-2.6199,7.9235,5.3545
-2.4358,7.8923,5.2279
-2.1808,7.9737,5.3674
-2.1555,7.8656,5.5599
-2.3642,8.0545,5.4548
-2.1493,8.0131,5.3069
-1.9757,8.075,5.4975
-2.3275,8.265,5.4966
-2.4848,8.1644,5.4395
-2.3489,8.0528,5.2776
-1.9475,7.8231,5.3078
-2.1313,7.9938,5.3789
-2.5384,7.9828,5.2846
-2.414,8.0412,5.1208
-2.3776,7.9128,5.2811
-2.4718,7.9541,5.4081
-2.3065,7.9822,5.222
-2.4274,7.9825,5.2533
-2.4619999999999997,8.0239,5.3908
-2.528,7.8731,5.3103
-2.3926,7.9444,5.4389
-2.2695,7.8935,5.353
-2.1947,8.0448,5.4752
-2.3315,7.9839,5.3888
-2.3692,7.9732,5.3153
-2.3648,8.0248,5.4846
-2.5017,8.1334,5.3442
-2.3268,7.9524,5.2414
-2.4332,8.0243,5.4325
-2.3436,7.7022,5.2184
-2.3483,7.8998,4.9783
-2.6061,8.002,5.2022
-2.4855,8.2244,5.4425
-2.3619,7.8844,5.4359
-2.383,8.1439,5.3864
-2.3991,8.0761,5.6121
-2.28,8.206,5.5978
-2.4595,8.0231,5.3074
-2.4792,8.0529,5.2881
-2.272,8.0239,5.3908
-2.3291,7.9931,5.3059
-2.3108,7.8408,5.0795
-2.3816,7.9639999999999995,5.3982
-2.3704,8.1031,5.3114
-2.2831,8.1539,5.3869
-2.269,8.1159,5.5933
-2.5598,8.0531,5.3089
-2.5024,7.9842,5.42
-2.3313,8.1532,5.3243
-2.3639,7.9515,5.1476
-2.2362,8.1516,5.1576
-2.2092,7.9732,5.3153
-2.5326,8.1038,5.3844
-2.4294,8.1526,5.2618
-2.1734,8.2038,5.3789
-2.4149,7.9252,5.5213
-2.2632,7.9712,5.1173
-2.4402,7.9502,5.0225
-2.3053,8.0416,5.1625
-2.1256,8.1248,5.4792
-2.1157,7.972,5.2007
-2.4921,8.0638,5.3824
-2.4454,8.0217,5.1719
-2.3697,7.9933,5.3267
-2.2002,7.9835,5.3471
-2.2422,8.1835,5.3467
-2.4419,8.0737,5.3724
-2.2604,8.0533,5.3297
-2.3788,8.0229,5.2866
-2.272,7.9442,5.417999999999999
-2.289,7.9033,5.3327
-2.4043,8.4134,5.3373
-2.3213,7.9141,5.4061
-2.3199,7.9535,5.3456
-2.2013,8.0436,5.3605
-2.3097,8.0132,5.3173
-2.2363,8.1317,5.167000000000001
-2.282,7.9741,5.4091
-2.2594,8.0729,5.2891
-2.3112,8.0635,5.3511
-2.4023,8.1336,5.365
-2.3449,8.0349,5.4851
-2.3687,7.9829,5.295
-2.4496,7.9833,5.3262
-2.4213,8.0436,5.3605
-2.2213,8.1532,5.3243
-2.3596,7.9833,5.3262
-2.1513,7.8842,5.415
-2.3201,7.9735,5.3466
-2.35,8.0199,4.9947
-2.5632,8.0542,5.4235
-2.4865,8.1749,5.4921
-2.1571,8.1153,5.5308
-2.3787,8.0926,5.2588
-2.2128,8.0142,5.4215
-2.3816,7.9639999999999995,5.3982
-2.1486,7.8633,5.3307
-2.267,7.9425,5.2513
-2.3012,8.0635,5.3511
-2.5951,7.9419,5.1888
-2.5379,8.1322,5.2191
-2.2658,7.8923,5.2279
-2.2143,7.9549,5.4915
-2.3197,8.0132,5.3173
-2.425,7.985,5.5034
-2.5293,7.9832,5.3158
-2.3288,8.1026,5.2593
-2.4892,8.1625,5.2519
-2.4844,8.2938,5.3834
-2.2208,8.0036,5.3585
-2.3302,8.113,5.3015
-2.3835,8.154,5.3973
-2.4133,7.8715,5.154
-2.3768,7.8229,5.287000000000001
-2.3377,7.9228,5.2816
-2.4588,7.7803,5.0349
-2.2801,8.0831,5.3104
-2.3283,7.9529,5.2935
-2.2549,7.9551,5.5123
-2.1541,7.9349,5.4905
-2.2327,8.1438,5.3759
-2.2782,7.912999999999999,5.3019
-2.1085,8.0726,5.2578
-2.3009,7.874,5.4041
-2.3104,7.9935,5.3476
-2.2142,8.0014,5.1397
-2.3575,7.9327,5.2716
-2.1725,8.0141,5.4111
-2.4954,8.0251,5.5054
-2.1384,7.9031,5.3118
-2.31,7.9036,5.3639
-2.041,8.0236,5.3595
-2.2949,8.0116,5.1610000000000005
-2.1925,8.1237,5.3749
-2.3623,8.0838,5.3834
-2.3691,8.2622,5.2152
-2.4955,7.952000000000001,5.1997
-2.3993,7.8204,5.0369
-2.4547,8.0747,5.4662
-2.3416,7.9341,5.4071
-2.3243,7.8719,5.1853
-2.4513,8.0237,5.3699
-2.4555,7.8723,5.2269
-2.3547,7.7424,5.2413
-2.3433,8.0011,5.1084
-2.4587,7.7637,5.3674
-2.3221,8.0339,5.3913
-2.4057,8.0517,5.1734
-2.476,7.8824,5.2379
-2.4086,7.9729,5.2945
-2.3672,8.0423,5.225
-2.2804,7.9437,5.3659
-2.2441,7.9416,5.1575
-2.2554,8.1048,5.4782
-2.2734,8.0443,5.4335
-2.292,8.0239,5.3908
-2.3937,8.0145,5.4528
-2.2875,7.9925,5.2538
-2.3428,7.9843,5.4305
-2.3732,8.0542,5.4235
-2.3759,8.095,5.4985
-2.1828,7.9843,5.4305
-2.1901,7.9735,5.3466
-2.2502,8.0034,5.3377
-2.3633,8.1639,5.3874
-2.4913,7.9938,5.3789
-2.1908,7.8939,5.3947
-2.2375,7.9925,5.2538
-2.388,7.9528,5.2831
-2.3818,7.9242,5.417000000000001
-2.1781,8.1223,5.229
-2.2725,8.044,5.4022
-2.418,8.192,5.2013
-2.5752,7.9818,5.1803
-2.2954,7.8024,5.2443
-2.4078,7.882999999999999,5.3004
-2.4081,7.9827,5.2741
-2.2714,8.0835,5.3521
-2.3437,8.0643,5.4345
-2.451,8.0236,5.3595
-2.3062,8.012,5.2027
-2.4283,8.0626,5.2573
-2.2901,8.2126,5.2648
-2.3604,7.8838,5.3838
-2.3493,8.033,5.2975
-2.2752,7.922000000000001,5.1982
-2.3171,8.1452,5.5218
-2.4485,7.943,5.3034
-2.3878,7.9328,5.2821
-2.3676,8.0224,5.2449
-2.2203,8.0134,5.3382
-2.2513,7.9938,5.3789
-2.4499,8.0332,5.3183
-2.444,7.9017,5.1659
-2.4163,7.9921,5.2121
-2.4044,7.9948,5.4831
-2.4307,7.9139,5.3853
-2.1739,8.1342,5.4171
-2.3232,8.1041,5.4052
-2.3457,8.1846,5.4613
-2.5255,8.0849,5.4876
-2.3847,8.1843,5.43
-2.2294,7.8536,5.3614
-2.3946,8.1444,5.4385
-2.2529,7.9445,5.4493
-2.3265,7.9025,5.2493
-2.3556,8.2344,5.443
-2.3508,8.0833,5.3312
-2.4489,7.8634,5.3411
-2.3233,7.9214,5.1357
-2.5288,8.0229,5.2866
-2.5143,7.9317,5.1674
-2.4583,8.0028,5.2751
-2.4301,7.8638,5.3828
-2.4966,8.1849,5.4926
-2.2477,8.0624,5.2365
-2.4158,8.0053,5.5253
-2.3863,8.0453,5.5273
-2.3968,7.8229,5.287000000000001
-2.2374,7.7333,5.3346
-2.1936,8.0543,5.434
-2.2899,8.0332,5.3183
-2.3127,8.0042,5.421
-2.3854,7.9951,5.5143
-2.1154,8.0749,5.4871
-2.4832,7.9446,5.4597
-2.4406,8.0135,5.3486
-2.4595,8.0231,5.3074
-2.3446,7.8221,5.2139999999999995
-2.0598,8.0232,5.3178
-2.11,8.1263,5.6251
-2.2431,8.1539,5.3869
-2.4648,7.9949,5.4935
-2.2573,8.0556,5.559
-2.3635,7.9646,5.4607
-2.3613,7.9639,5.3878
-2.1546,7.9816,5.1595
-2.383,8.0043,5.4315
-2.4221,7.9841,5.4096
-2.1679,7.9926,5.2642
-2.3505,8.0035,5.3481
-2.2178,7.9627,5.2731
-2.2719,7.994,5.3997
-2.4483,8.0028,5.2751
-2.6494,8.1825,5.2529
-2.2974,7.843,5.2984
-2.3813,7.9639,5.3878
-2.2546,8.0647,5.4657
-2.4429,8.074,5.4037
-2.4708,8.1963,5.6286
-2.3495,7.754,5.3981
-2.3341,8.0445,5.4543
-2.3322,8.0738,5.3829
-2.1489,8.003,5.296
-2.1647,8.1544,5.439
-2.4273,8.0223,5.2345
-2.2999,7.9235,5.3545
-2.4326,7.8647,5.4661
-2.4271,7.9027,5.2701
-2.3618,7.9009,5.093
-2.5119,7.8046,5.4631
-2.1537,8.0943,5.4255
-2.2992,8.2223,5.234
-2.3203,8.1529,5.2931
-2.1308,7.9538,5.3769
-2.3332,8.0243,5.4325
-2.3933,7.9247,5.4692
-2.3771,8.1153,5.5308
-2.1904,7.9137,5.3749
-2.1475,7.8032,5.3172
-2.2908,7.9538,5.3769
-2.2893,7.8735,5.352
-2.6262,8.012,5.2027
-2.3738,7.9149,5.4895
-2.4055,7.653,5.2993
-2.2715,8.1234,5.3437
-2.43,7.9934,5.3372
-2.3466,7.9956,5.556
-2.4234,8.0942,5.4151
-2.2957,8.075,5.4975
-2.3309,7.8541,5.4135
-2.224,8.0345,5.4538
-2.2699,8.0332,5.3183
-2.2728,7.8548,5.4761
-2.1781,7.903,5.3014
-2.3957,7.8325,5.2458
-2.4273,7.8928,5.2801
-2.1732,7.9114,5.1352
-2.3164,7.9756,5.555
-2.3609999999999998,8.0734,5.3412
-2.2769,7.8528,5.2781
-2.3594,8.126,5.6042
-2.1894,7.9633,5.3252
-2.3649,8.0349,5.4851
-2.3215,7.954,5.3977
-2.1997,7.9634,5.3357
-2.4794,7.9134,5.3436
-2.4595,7.8636,5.3619
-2.3746,8.1444,5.4385
-2.1759,8.0418,5.1833
-2.4504,8.1629,5.2936
-2.3323,7.8911,5.1133
-2.4003,8.0433,5.3292
-2.4002,7.9236,5.3649
-2.3875,7.9925,5.2538
-2.4474,7.9227,5.2711
-2.3948,7.7823,5.2329
-2.1871,8.1452,5.5218
-2.2571,8.0655,5.5491
-2.5263,7.8825,5.2483
-2.3653,8.1745,5.4504
-2.2857,8.1846,5.4613
-2.3472,7.8229999999999995,5.2974
-2.3222,7.9343,5.428
-2.2167,7.7829999999999995,5.2954
-2.4315,8.0337,5.3704
-2.465,8.0748,5.4767
-2.4321,7.9243,5.4275
-2.5176,7.9128,5.2811
-2.3522,8.014,5.4007
-2.2218,7.9242,5.417000000000001
-2.6007,7.8839,5.3942
-2.5088,8.1026,5.2593
-2.3906,8.1729,5.2941
-2.4179,8.1023,5.228
-2.363,8.0641,5.4136
-2.3588,8.2654,5.5383
-2.2178,8.0956,5.561
-2.3893,8.0629,5.2886
-2.5256,8.0915,5.1546
-2.3545,8.1643,5.428999999999999
-2.488,8.0026,5.2647
-2.2231,8.1539,5.3869
-2.529,7.9531,5.3143
-2.231,8.0236,5.3595
-2.4603,8.0665,5.6533
-2.4246,7.8221,5.2139999999999995
-2.3255,8.0849,5.4876
-2.5345,8.0846,5.4563
-2.4669,8.2648,5.4757
-2.3339,7.9747,5.4717
-2.3018,7.984,5.3992
-2.3489,8.0528,5.2776
-2.3477,7.9527,5.2726
-2.2838,7.9946,5.4622
-2.2303,8.0134,5.3382
-2.2737,8.0943,5.4255
-2.2753,7.8822,5.2170000000000005
-2.2866,7.8328,5.2771
-2.4072,7.9326,5.2612
-2.4134,7.742000000000001,5.1996
-2.6179,8.1023,5.228
-2.3447,7.965,5.5024
-2.3611,8.0336,5.36
-2.2959,8.0651,5.5074
-2.39,8.0133,5.3277
-2.2640000000000002,8.0146,5.4632
-2.4809,7.7146,5.4586
-2.3735,7.8616,5.1639
-2.4204,7.9137,5.3749
-2.4530000000000003,7.9512,5.1163
-2.3189,8.0329,5.2871
-2.4212,7.9539,5.3873
-2.5033,8.0841,5.4146
-2.5184,7.8533,5.3302
-2.2717,7.9208,5.0835
-2.4418,7.9807,5.0657
-2.3236,8.0045,5.4523
-2.3835,8.2636,5.3611
-2.4174,8.0855,5.5501
-2.2906,7.9338,5.3759
-2.3178,7.9627,5.2731
-2.26,7.9635,5.3461
-2.3301,7.9735,5.3466
-2.2532,8.0542,5.4235
-2.3462,8.2047,5.4727
-2.4473,8.1353,5.5318
-2.4252,8.2542,5.4231
-2.3953,7.9619,5.1898
-2.4223,8.0539,5.3923
-2.528,8.1156,5.562
-2.4217,7.9441,5.4076
-2.3871,7.9525,5.2518
-2.4304,8.0533,5.3297
-2.3102,8.0034,5.3377
-2.1935,7.9148,5.4791
-2.27,8.0133,5.3277
-2.3271,8.0655,5.5491
-2.3894,7.9633,5.3252
-2.1953,8.0948,5.4777
-2.3806,8.0434,5.3397
-2.2501,8.0532,5.3193
-2.2594,7.8835,5.3525
-2.2516,7.9639999999999995,5.3982
-2.4272,8.1253,5.5313
-2.3944,7.935,5.5009
-2.3934,7.9845,5.4513
-2.4397,8.0132,5.3173
-2.421,7.9439,5.3868
-2.2978,8.0956,5.561
-2.2301,7.8638,5.3828
-2.4231,8.0143,5.432
-2.363,8.0043,5.4315
-2.4068,7.9325,5.2508
-2.2518,7.9242,5.417000000000001
-2.4459999999999997,7.9123,5.2289
-2.417,8.0522,5.2151
-2.2923,7.9443,5.4285
-2.398,8.0326,5.2558
-2.5708,7.9538,5.3769
-2.4447,8.1544,5.439
-2.3534,8.0443,5.4335
-2.3067,8.0022,5.223
-2.379,8.013,5.2965
-2.2976,8.0524,5.236000000000001
-2.401,7.914,5.3957
-2.2708,8.0036,5.3585
-2.3222,8.0439,5.3918
-2.1665,8.0919,5.1858
-2.2009,8.0634,5.3407
-2.4909,8.1531,5.3139
-2.4432,8.0243,5.4325
-2.3659,7.982,5.2012
-2.3026,7.9942,5.4205
-2.3159,7.9023,5.2284
-2.2509,7.8541,5.4135
-2.3609,7.7644,5.4403
-2.1729,7.8847,5.4672
-2.3,7.9335,5.355
-2.6304,7.8639,5.3932
-2.2974,7.9526,5.2622
-2.3236,7.865,5.4974
-2.2445,8.0846,5.4563
-2.3684,7.9031,5.3118
-2.2927,8.064,5.4032
-2.5513,8.0735,5.3516
-2.312,8.0837,5.3729
-2.3129,8.0242,5.422000000000001
-2.375,8.1246,5.4583
-2.3091,7.9631,5.3148
-2.3604,7.9437,5.3659
-2.2456,7.8823,5.2274
-2.3097,7.9334,5.3446
-2.2185,8.0228,5.2761
-2.3855,7.952000000000001,5.1997
-2.3402,7.9236,5.3649
-2.2825,7.9111,5.1143
-2.3873,8.0223,5.2345
-2.5401,7.9436,5.3555
-2.5189,8.0329,5.2871
-2.3125,7.9344,5.4384
-2.5478,7.9029,5.291
-2.5127,7.9211,5.1148
-2.4407,7.8839,5.3942
-2.4381,8.0725,5.2474
-2.355,7.9319,5.1883
-2.3974,7.8729,5.2895
-2.4208,7.8939,5.3947
-2.3474,8.1154,5.5412
-2.3004,7.9935,5.3476
-2.4576,7.9128,5.2811
-2.3871,7.8429,5.287999999999999
-2.4279,7.9129,5.2915
-2.2096,7.9833,5.3262
-2.3406,8.0434,5.3397
-2.3977,7.9826,5.2637
-2.5236,7.7620000000000005,5.2006
-2.2908,7.9737,5.3674
-2.2274,7.8131,5.3073
-2.1351,7.8655,5.5495
-2.4205,7.9238,5.3754
-2.4346,8.0647,5.4657
-2.4621,7.8745,5.4458
-2.36,7.8837,5.3734
-2.3496,7.9534,5.3352
-2.1442,8.1343,5.4275
-2.3396,8.0331,5.3079
-2.2404,7.8639,5.3932
-2.5218,8.0139,5.3903
-2.4502,7.9236,5.3649
-2.5622,7.9941,5.4101
-2.3135,7.9945,5.4518
-2.2434,7.7719,5.1907
-2.2484,7.933,5.3029
-2.1167,7.8129,5.2865
-2.4453,7.8822,5.2170000000000005
-2.351,8.1332,5.3233
-2.2926,8.0241,5.4116
-2.515,7.9618,5.1793
-2.2933,7.7021,5.207999999999999
-2.4031,8.1539,5.3869
-2.4757,8.0218,5.1823
-2.4123,8.024,5.4012
-2.2619,7.7448,5.481
-2.3638,8.1043,5.426
-2.4139,7.8352,5.5168
-2.2769,8.2049,5.4936
-2.2788,7.9431,5.3138
-2.6117,8.0537,5.3714
-2.5381,8.2552,5.5169
-2.2868,8.175,5.5025
-2.4034,8.2337,5.37
-2.3964,7.8626,5.2577
-2.4866,7.8328,5.2771
-2.4978,7.9627,5.2731
-2.3763,7.9955,5.5456
-2.3037,7.9547,5.4707
-2.291,7.9439,5.3868
-2.3011,8.1133,5.3327
-2.6893,8.033,5.2975
-2.4439,7.9448,5.4806
-2.2169,7.9126,5.2602
-2.2436,7.9746,5.4612
-2.0007,7.9936,5.358
-2.7109,8.2329,5.2866
-2.458,7.893,5.3009
-2.381,8.1033,5.3322
-2.3971,7.9525,5.2518
-2.3585,7.9131,5.3123
-2.4575,7.9925,5.2538
-2.3684,7.8732,5.3207
-2.2506,7.9836,5.3575
-2.4575,7.9327,5.2716
-2.4949,8.0648,5.4762
-2.3816,8.2331,5.3075
-2.4357,8.075,5.4975
-2.4063,8.1549,5.4911
-2.3807,7.9438,5.3764
-2.3214,8.0835,5.3521
-2.2493,8.033,5.2975
-2.3686,7.8135,5.349
-2.4242,8.0845,5.4459
-2.4794,7.9333,5.3342
-2.4331,8.124,5.3958
-2.3148,8.1046,5.4573
-2.4385,7.9131,5.3123
-2.403,8.084,5.4042
-2.3294,7.9333,5.3342
-2.3049,8.0349,5.4851
-2.4911,8.2163,5.6296
-2.4557,7.9919,5.1913
-2.2946,7.872000000000001,5.1957
-2.2916,7.9639999999999995,5.3982
-2.2387,7.9829,5.295
-2.526,7.992000000000001,5.2017
-2.5607,7.9438,5.3764
-2.3094,7.9134,5.3436
-2.3089,7.9232,5.3232
-2.1413,7.9639,5.3878
-2.4615,7.9839,5.3888
-2.3253,8.0948,5.4777
-2.358,8.0857,5.571000000000001
-2.3929,7.9943,5.431
-2.2058,8.0551,5.5069
-2.4006,7.8507,5.0696
-2.2876,7.8929,5.2905
-2.5649,8.0648,5.4762
-2.4549,8.0648,5.4762
-2.4662,8.2313,5.1303
-2.3755,8.1646,5.4603
-2.3705,8.0832,5.3208
-2.3229,8.0242,5.422000000000001
-2.4696,8.176,5.5963
-2.3906,8.0135,5.3486
-2.2789,7.8634,5.3411
-2.3382,7.6738,5.3837
-2.2802,7.8738,5.3833
-2.4205,8.0334,5.3392
-2.3667,8.0255,5.5471
-2.2944,7.8254,5.5371
-2.1715,7.954,5.3977
-2.3368,7.9026,5.2597
-2.2804,8.0533,5.3297
-2.3608,7.9538,5.3769
-2.3274,7.843,5.2984
-2.4127,8.0042,5.421
-2.1221,8.0638,5.3824
-2.2715,8.1234,5.3437
-2.2374,7.9028,5.2806
-2.2737,8.1441,5.4072
-2.4337,7.9846,5.4617
-2.3795,8.0231,5.3074
-2.4645,8.0846,5.4563
-2.3455,8.0849,5.4876
-2.5073,8.0223,5.2345
-2.2894,7.9333,5.3342
-2.1917,7.974,5.3987
-2.4288,8.1026,5.2593
-2.3648,7.8321,5.2145
-2.187,7.8927,5.2696
-2.2174,7.9227,5.2711
-2.5204,8.1031,5.3114
-2.4138,7.9647,5.4712
-2.3227,7.8747,5.4667
-2.3377,7.5441,5.4085
-2.4255,8.0018,5.1813
-2.6068,7.9325,5.2508
-2.3122,8.014,5.4007
-2.2387,7.9331,5.3133
-2.1612,7.934,5.3967
-2.1937,8.1441,5.4072
-2.1630000000000003,8.113999999999999,5.3953
-2.405,8.0748,5.4767
-2.5425,8.1836,5.3571
-2.5311,7.8941,5.4051
-2.2562,8.0951,5.5089
-2.4488,7.992999999999999,5.2955
-2.4931,8.0641,5.4136
-2.4055,8.1646,5.4603
-2.4282,8.2154,5.5358
-2.3379,8.0757,5.5705
-2.3711,7.9206,5.0627
-2.3907,8.1032,5.3218
-2.2417,7.974,5.3987
-2.3068,7.9557,5.5749
-2.3209,8.1531,5.3139
-2.4632,7.9446,5.4597
-2.2876,7.7833,5.3267
-2.5758,7.9521,5.2101
-2.3496,8.0929,5.2901
-2.4177,7.7933,5.3272
-2.2188,7.9132,5.3227
-2.4341,7.8054,5.5361
-2.463,7.9545,5.4498
-2.3104,8.0234,5.3387
-2.4288,8.0727,5.2682
-2.5124,8.1137,5.3744
-2.3167,7.9723,5.2319
-2.2455,7.9819,5.1908
-2.4294,8.126,5.6042
-2.519,8.2555,5.5482
-2.4626,7.8348,5.4751
-2.2999,8.0332,5.3183
-2.5286,7.952999999999999,5.3039
-2.2734,8.0642,5.4239999999999995
-2.2017,7.974,5.3987
-2.3656,7.9321,5.2091
-2.4302,7.9236,5.3649
-2.3884,8.0427,5.2667
-2.253,8.113999999999999,5.3953
-2.3899,8.0332,5.3183
-2.3591,8.023,5.297000000000001
-2.3504,7.9736,5.357
-2.2612,8.0635,5.3511
-2.4809,7.9339,5.3863
-2.3445,8.0247,5.4742
-2.164,8.0146,5.4632
-2.3423,8.0838,5.3834
-2.3913,8.1532,5.3243
-2.4969,7.9126,5.2602
-2.3819,7.8844,5.4359
-2.1985,7.9929,5.2851
-2.499,7.9531,5.3143
-2.343,8.0342,5.4225
-2.318,7.7635,5.3465
-2.3298,7.8637,5.3724
-2.3183,8.0825,5.2479
-2.2829,7.9943,5.431
-2.3225,8.0141,5.4111
-2.4425,8.0739,5.3933
-2.2008,7.9737,5.3674
-2.2675,8.1553,5.5328
-2.2425,8.0141,5.4111
-2.467,7.9226,5.2607
-2.0198,7.9435,5.3451
-2.4949,8.0049,5.494
-2.3756,7.9852,5.5243
-2.4183,7.8931,5.3113
-2.1595,7.9433,5.3347
-2.1833,7.9745,5.4508
-2.4144,8.0214,5.1407
-2.3551,8.025,5.495
-2.2819,7.9342,5.4175
-2.4052,8.1147,5.4682
-2.1626,8.1038,5.3844
-2.2506,7.7444,5.4393
-2.2954,8.0749,5.4871
-2.6206,8.0666,5.6637
-2.3113,7.9141,5.4061
-2.2123,7.9742,5.4195
-2.2109,7.8242,5.4225
-2.2815,7.954,5.3977
-2.4498,7.9435,5.3451
-2.1144,7.9948,5.4831
-2.2331,7.9346,5.4592
-2.3179,7.9428,5.2826
-2.1839,8.0544,5.4444
-2.312,8.004,5.4002
-2.298,8.1654,5.5437
-2.3132,8.2436,5.3601
-2.395,7.8222,5.2244
-2.2391,7.9931,5.3059
-2.4588,8.0229,5.2866
-2.3621,8.0937,5.3734
-2.3128,7.8249,5.485
-2.4304,7.8838,5.3838
-2.3221,8.0339,5.3913
-2.1429,8.1339,5.3859
-2.2325,7.9643,5.4295
-2.3102,8.0333,5.3287
-2.3188,7.8534,5.3406
-2.1097,7.8836,5.3629
-2.4543,7.925,5.5004
-2.3806,7.9038,5.3848
-2.1713,8.0237,5.3699
-2.2091,8.0761,5.6121
-2.3507,8.1032,5.3218
-2.4924,7.9510000000000005,5.0955
-2.3909,8.0634,5.3407
-2.2775,7.7434,5.3351
-2.2387,7.9032,5.3222
-2.4246,8.0115,5.1506
-2.332,8.0538,5.3819
-2.4090000000000003,7.9332,5.3237
-2.3143,7.9516,5.1579999999999995
-2.1035,8.2636,5.3611
-2.2835,8.154,5.3973
-2.3982,8.1555,5.5536
-2.3709,8.0435,5.3501
-2.3956,8.065,5.497000000000001
-2.198,8.0326,5.2558
-2.2574,8.1453,5.5323
-2.4413,8.0735,5.3516
-2.3421,8.0937,5.3734
-2.4419,8.1036,5.3635
-2.5522,7.9642,5.419
-2.4401,8.2126,5.2648
-2.1663,7.9423,5.2304
-2.3824,8.1437,5.3655
-2.2866,8.1849,5.4926
-2.3802,7.9536,5.356
-2.2324,8.033999999999999,5.4017
-2.0905,7.8141,5.4115
-2.3749,8.1445,5.4489
-2.3788,8.0229,5.2866
-2.5196,8.176,5.5963
-2.3355,7.9553,5.5332
-2.3507,7.8839,5.3942
-2.4633,7.8416,5.1629
-2.3817,8.0836,5.3625
-2.4132,7.9944,5.4414
-2.3614,7.9739,5.3883
-2.4139,8.1143,5.4265
-2.2988,7.962999999999999,5.3044
-2.2556,8.065,5.497000000000001
-2.4986,7.9729,5.2945
-2.3947,7.9318,5.1778
-2.2764,8.0055,5.5461
-2.4102,8.0034,5.3377
-2.2222,7.9941,5.4101
-2.1995,8.0829,5.2896
-2.2419,7.994,5.3997
-2.3763,7.9622,5.221
-2.276,7.992000000000001,5.2017
-2.343,8.0043,5.4315
-2.3239,7.8153,5.5262
-2.2838,8.0245,5.4533
-2.4219999999999997,7.8944,5.4364
-2.1715,8.1234,5.3437
-2.2169,7.8827,5.2691
-2.3571,7.9027,5.2701
-2.1269,7.9624,5.2419
-2.3385,7.8832,5.3212
-2.3235,8.0244,5.4429
-2.2134,8.0443,5.4335
-2.4204,8.0234,5.3387
-2.3075,7.9626,5.2627
-2.3117,8.0836,5.3625
-2.3449,8.0648,5.4762
-2.2309,7.904,5.3952
-2.3113,7.9938,5.3789
-2.0114,7.8144,5.4428
-2.1916,7.9639999999999995,5.3982
-2.2447,7.9119,5.1873
-2.3093,7.9832,5.3158
-2.113,7.9246,5.4587
-2.0731,8.0442,5.422999999999999
-2.5301,7.8638,5.3828
-2.4657,7.9421,5.2096
-2.2488,7.9431,5.3138
-2.0909999999999997,7.9937,5.3684
-2.3228,7.9644,5.4399
-2.6734,8.2569,5.6941
-2.2092,8.0828,5.2791
-2.2088,8.1524,5.2410000000000005
-2.2178,7.9627,5.2731
-2.1931,7.9047,5.4682
-2.3982,7.8632,5.3202
-2.4834,7.9546,5.4602
-2.2688,8.0229,5.2866
-2.3229,7.8847,5.4672
-2.249,8.0628,5.2781
-2.343,7.9246,5.4587
-2.4337,8.0643,5.4345
-2.4512,7.8741,5.4145
-2.5107,7.9936,5.358
-2.3671,7.9824,5.2429
-2.3289,7.8933,5.3322
-2.3342,8.0246,5.4637
-2.5022,8.0439,5.3918
-2.4367,7.9424,5.2409
-2.307,7.8628,5.2786
-2.2607,7.9438,5.3764
-2.4788,7.9431,5.3138
-2.2746,8.1145,5.4474
-2.315,7.8522,5.2155
-2.2433,8.1141,5.4057
-2.4694,8.0197,4.9739
-2.6033,7.732,5.1991
-2.2615,8.0138,5.3799
-2.1909,7.904,5.3952
-2.1964,7.8925,5.2488
-2.371,7.9439,5.3868
-2.3712,8.0934,5.3422
-2.4,7.9036,5.3639
-2.1604,7.9736,5.357
-2.247,7.9957,5.5665
-2.2724,7.8712,5.1227
-2.4662,7.8227,5.2661
-2.4631,7.9346,5.4592
-2.5029,8.0242,5.422000000000001
-2.5469,8.0222,5.224
-2.3805,8.0633,5.3302
-2.4285,7.943,5.3034
-2.3972,7.8828,5.2796
-2.4198,8.1328,5.2816
-2.4383,7.922999999999999,5.3024
-2.2759,8.0651,5.5074
-2.5213,8.1333,5.3338
-2.5031,8.094,5.4047
-2.5634,8.1241,5.4062
-2.4753,8.1247,5.4687
-2.6568,8.2248,5.4842
-2.3906,8.0434,5.3397
-2.1618,7.9242,5.417000000000001
-2.2652,7.9253,5.5317
-2.2943,8.1443,5.428
-2.3312,8.0635,5.3511
-2.4823,7.9443,5.4285
-2.408,8.0026,5.2647
-2.4149,7.9219,5.1878
-2.4582,7.9429,5.292999999999999
-2.4046,8.0048,5.4836
-2.3474,7.9028,5.2806
-2.4587,7.9829,5.295
-2.2791,7.9631,5.3148
-2.3754,7.9719,5.1903
-2.3225,7.9643,5.4295
-2.3602,8.0034,5.3377
-2.3772,8.205,5.504
-2.376,8.105,5.499
-2.4657,8.2145,5.4524
-2.4434,7.9347,5.4697
-2.5278,8.1255,5.5521
-2.3143,8.0646,5.4553
-2.3918,8.2232,5.3174
-2.3362,8.0419,5.1938
-2.4738,8.184,5.3988
-2.2719,7.9342,5.4175
-2.5198,7.8936,5.3634
-2.3729,7.8648,5.4766
-2.4567,7.9225,5.2503
-2.4061,7.9223,5.2294
-2.4103,7.9337,5.3654
-2.272,7.6751,5.5088
-2.4595,8.0032,5.3168
-2.4905,7.8141,5.4115
-2.369,7.9831,5.3054
-2.3361,7.9522,5.2205
-2.3378,8.1222,5.2186
-2.4638,8.0245,5.4533
-2.28,8.0133,5.3277
-2.4673,8.0024,5.2439
-2.3789,8.0528,5.2776
-2.2384,7.9629,5.294
-2.3575,8.265,5.4966
-2.5087,7.9829,5.295
-2.2177,8.0325,5.2454
-2.359,7.9332,5.3237
-2.3669,7.9923,5.2329
-2.2134,7.9845,5.4513
-2.4895,7.8337,5.3709
-2.4527,8.0341,5.4121
-2.3755,8.0849,5.4876
-2.3534,8.0642,5.4239999999999995
-2.1524,7.9842,5.42
-2.4072,8.2649,5.4862
-2.4504,7.9736,5.357
-2.4383,8.0327,5.2662
-2.2813,7.9938,5.3789
-2.4377,7.9826,5.2637
-2.4368,8.0621,5.2052
-2.2898,7.9734,5.3362
-2.3196,7.9534,5.3352
-2.0518,7.9043,5.4265
-2.2509,8.0634,5.3407
-2.1679,7.9428,5.2826
-2.315,8.0149,5.4945
-2.2335,7.9646,5.4607
-1.9988,7.8833,5.3317
-2.2516,7.9341,5.4071
-2.4399,8.0033,5.3272
-2.3514,8.0038,5.3794
-2.2571,8.0322,5.2245
-2.2836,8.1142,5.4161
-2.2231,8.0143,5.432
-2.3597,8.0431,5.3084
-2.282,8.0837,5.3729
-2.1839,7.9747,5.4717
-2.1615,7.9839,5.3888
-2.2396,7.9534,5.3352
-2.2355,7.8424,5.2359
-2.1702,7.814,5.4011
-2.2924,8.0041,5.4106
-2.3556,7.9022,5.218
-2.2686,8.0328,5.2766
-2.2733,8.1141,5.4057
-2.4031,8.124,5.3958
-2.3422,7.9343,5.428
-2.2783,7.922999999999999,5.3024
-2.2332,8.0243,5.4325
-2.2572,7.9127,5.2706
-2.4096,8.062999999999999,5.2989999999999995
-2.272,7.9741,5.4091
-2.3575,7.8829,5.29
-2.4544,7.9616,5.1585
-2.3736,8.164,5.3978
-2.4517,8.1135,5.3536
-2.3651,8.1047,5.4677
-2.2827,8.2235,5.3487
-2.145,7.9319,5.1883
-2.3519,8.1036,5.3635
-2.3579,7.9727,5.2736
-2.3113,7.831,5.0999
-2.2103,8.0931,5.3109
-2.2444,8.0147,5.4737
-2.3844,7.9915,5.1496
-2.2665,8.0919,5.1858
-2.0786,7.9231,5.3128
-2.0899,7.897,5.6969
-2.3040000000000003,7.905,5.4994
-2.1099,7.8139,5.3907
-2.1996,7.8736,5.3624
-2.2176,7.9959,5.5873
-2.3821,8.0339,5.3913
-2.5495,8.1925,5.2534
-2.4025,7.9111,5.1143
-2.4842,8.1343,5.4275
-2.315,8.0149,5.4945
-2.4944,8.0413,5.1312
-2.4633,8.2237,5.3695
-2.3987,8.0129,5.2861
-2.2604,8.2659,5.5904
-2.2723,7.8945,5.4468
-2.2563,7.9622,5.221
-2.3764,7.7828,5.285
-2.4987,8.0926,5.2588
-2.3794,8.043,5.297999999999999
-2.3965,8.0952,5.5193
-2.2518,8.0936,5.3629999999999995
-2.2230000000000003,8.113999999999999,5.3953
-2.4338,8.1043,5.426
-2.3819999999999997,8.0538,5.3819
-2.2623,7.9742,5.4195
-2.3009,8.1232,5.3228
-2.4204,8.0234,5.3387
-2.3015,8.1433,5.3343
-2.3672,8.0954,5.5402
-2.29,7.9635,5.3461
-2.4356,7.7925,5.2542
-2.3729,8.0242,5.422000000000001
-2.3783,8.0028,5.2751
-2.3846,8.0647,5.4657
-2.5499,7.9235,5.3545
-2.2995,7.8935,5.353
-2.2513,7.8542,5.4239999999999995
-2.2137,8.0643,5.4345
-2.2795,8.0264,5.6409
-2.3195,8.0032,5.3168
-2.4373,8.0223,5.2345
-2.4417,8.0537,5.3714
-2.5801,8.0532,5.3193
-2.4386,7.9198,4.9793
-2.4633,8.0841,5.4146
-2.3794,7.9932,5.3163
-2.4252,8.035,5.4955
-2.3869,7.9126,5.2602
-2.4581,7.8233,5.3287
-2.4819,8.0737,5.3724
-2.5627,8.1737,5.367000000000001
-2.2173,8.0223,5.2345
-2.3773,7.8629,5.289
-2.4258,7.8724,5.2374
-2.4887,7.9032,5.3222
-2.3930000000000002,8.113999999999999,5.3953
-2.3486,7.9231,5.3128
-2.4597,8.1029,5.2906
-2.3614,8.1632,5.3248
-2.2818,8.1734,5.3358
-2.5239,8.0844,5.4355
-2.525,7.985,5.5034
-2.3753,8.2044,5.4415
-2.49,8.0432,5.3188
-2.2737,8.0943,5.4255
-2.4164,7.8128,5.2761
-2.3119,8.0206,5.0573
-2.5568,7.9823,5.2324
-2.3139,8.0046,5.4627
-2.2492,7.9732,5.3153
-2.3924,8.033999999999999,5.4017
-2.4088,7.8534,5.3406
-2.339,8.013,5.2965
-2.4023,7.8612,5.1222
-2.1528,8.0142,5.4215
-2.4631,8.0641,5.4136
-2.3435,8.1042,5.4156
-2.2967,8.0022,5.223
-2.3991,7.9931,5.3059
-2.3879,7.9129,5.2915
-2.4193,7.8735,5.352
-2.2378,7.882999999999999,5.3004
-2.2904,7.9437,5.3659
-2.1817,7.9441,5.4076
-2.3281,8.016,5.5987
-2.4114,7.944,5.3972
-2.3854,7.8623,5.2264
-2.4013,7.8808,5.0815
-2.3058,8.0551,5.5069
-2.3208,8.0833,5.3312
-2.4586,7.9231,5.3128
-2.3683,7.922999999999999,5.3024
-2.2680000000000002,7.8731,5.3103
-2.4579,7.9129,5.2915
-2.4819,7.8844,5.4359
-2.2995,8.0032,5.3168
-2.4567,7.9225,5.2503
-2.344,8.0146,5.4632
-2.2833,7.9214,5.1357
-2.4137,7.9016,5.1555
-2.319,8.0628,5.2781
-2.4047,7.9119,5.1873
-2.2995,8.0032,5.3168
-2.2414,7.8942,5.4155
-2.3962,7.8526,5.2572
-2.5225,7.9344,5.4384
-2.6252,8.304,5.4048
-2.4891,7.9631,5.3148
-2.0761,8.0851,5.5084
-2.3187,8.0627,5.2677
-2.4364,7.8925,5.2488
-2.3958,8.0318,5.1828
-2.4244,8.0446,5.4647
-2.2922,8.0738,5.3829
-2.2687,8.1225,5.2499
-2.2868,7.8727,5.2686
-2.4112,7.9041,5.4056
-2.2885,7.86,4.9972
-2.3083,7.9529,5.2935
-2.423,8.1937,5.367999999999999
-2.3829,7.8349,5.4855
-2.2697,8.0132,5.3173
-2.2124,7.9543,5.428999999999999
-2.3595,8.1327,5.2712
-2.3308,8.0833,5.3312
-2.2694,7.9633,5.3252
-2.2211,7.9206,5.0627
-2.3381,7.9628,5.2836
-2.213,8.0342,5.4225
-2.1049,7.902,5.1972
-2.3291,8.1027,5.2697
-2.3293,7.7938,5.3793
-2.256,8.0518,5.1838
-2.4606,8.152999999999999,5.3035
-2.356,8.0219,5.1928
-2.4937,8.0943,5.4255
-2.3164,7.8128,5.2761
-2.2795,7.9433,5.3347
-2.3666,7.9623,5.2314
-2.373,8.0641,5.4136
-2.3971,8.1751,5.5129
-2.3633,7.9812,5.1178
-2.2397,7.9634,5.3357
-2.2121,8.0638,5.3824
-2.5371,7.9824,5.2429
-2.3903,7.8539,5.3927
-2.4206,8.0135,5.3486
-2.3501,7.9136,5.3644
-2.2822,8.2034,5.3373
-2.2404,8.1629,5.2936
-2.2874,7.9227,5.2711
-2.2043,8.0612,5.1218
-2.1708,8.0335,5.3496
-2.6078,8.0425,5.2459
-2.3138,7.772,5.2011
-2.2414,8.0304,5.0369
-2.2248,7.9949,5.4935
-2.3812,8.0934,5.3422
-2.2359999999999998,7.9123,5.2289
-2.2022,8.0738,5.3829
-2.4173,7.9426,5.2617
-2.4164,8.0021,5.2126
-2.4091,7.9133,5.3332
-2.4121,7.9841,5.4096
-2.3398,7.9734,5.3362
-2.3751,8.1346,5.4588
-2.468,8.1422,5.2196
-2.129,7.9531,5.3143
-2.2506,7.854,5.4031
-2.3409999999999997,7.9638,5.3774
-2.3193,8.0131,5.3069
-2.3678,8.0425,5.2459
-2.26,7.9934,5.3372
-2.3311,8.1432,5.3238
-2.1879,7.9129,5.2915
-2.3907,7.9438,5.3764
-2.3173,8.0223,5.2345
-2.4527,7.9245,5.4483
-2.3193,8.1725,5.2524
-2.4485,7.9962,5.6186
-2.4084,8.0427,5.2667
-2.392,8.004,5.4002
-2.1778,7.882999999999999,5.3004
-2.1561,8.1947,5.4722
-2.3206,8.0932,5.3213
-2.2367,7.9723,5.2319
-2.3635,7.9912,5.1183
-2.3982,7.9429,5.292999999999999
-2.3116,8.0736,5.362
-2.5007,8.1032,5.3218
-2.1776,8.0524,5.236000000000001
-2.1919,7.8511,5.1113
-2.4677,7.9527,5.2726
-2.0823,8.0539,5.3923
-2.3203,7.7443,5.4289
-2.3209999999999997,8.1332,5.3233
-2.3327,7.8414,5.1421
-2.319,7.8435,5.3505
-2.4219,8.0737,5.3724
-2.3663,7.9423,5.2304
-2.3853,7.9619,5.1898
-2.1692,7.9233,5.3337
-2.1952,7.8423,5.2254
-2.3477,7.872999999999999,5.2999
-2.3994,7.9633,5.3252
-2.4247,8.0215,5.1511
-2.4896,8.062999999999999,5.2989999999999995
-2.5305,8.0334,5.3392
-2.3186,7.952999999999999,5.3039
-2.2995,8.0032,5.3168
-2.3698,8.1661,5.6062
-2.4232,8.0741,5.4141
-2.1418,7.9242,5.417000000000001
-2.231,8.0236,5.3595
-2.0922,8.1236,5.3645
-2.2261,7.7628,5.284
-2.4288,8.0229,5.2866
-2.3286,8.0029,5.2856
-2.3357,7.8025,5.2547
-2.3286,7.952999999999999,5.3039
-2.2322,7.9941,5.4101
-2.3878,7.8232,5.3182
-2.4882,8.1356,5.563
-2.1413,8.0237,5.3699
-2.1959,7.9621,5.2106
-2.3192,8.1127,5.2702
-2.3945,7.9417,5.1679
-2.3158,8.0053,5.5253
-2.1228,7.9345,5.4488
-2.3235,7.9945,5.4518
-2.3602,8.0333,5.3287
-2.3177,8.0325,5.2454
-2.3895,8.0032,5.3168
-2.4223,8.0539,5.3923
-2.3169,8.1551,5.5119
-2.4023,8.1336,5.365
-2.3287,8.1757,5.565
-2.2804,7.9437,5.3659
-2.1502,7.9536,5.356
-2.0882,7.912999999999999,5.3019
-2.404,7.8452,5.5173
-2.4205,8.0334,5.3392
-2.2635,7.9945,5.4518
-2.2179,7.9727,5.2736
-2.245,7.9053,5.5307
-2.3516,7.9639999999999995,5.3982
-2.2735,7.9148,5.4791
-2.3,7.9635,5.3461
-2.3616,8.0736,5.362
-2.2702,8.0632,5.3198
-2.2821,8.1436,5.3551
-2.3664,8.0819,5.1853
-2.3283,8.0028,5.2751
-2.3805,8.0633,5.3302
-2.419,8.0927,5.2692
-2.3028,7.9046,5.4577
-2.4734,7.9347,5.4697
-2.4826,7.9411,5.1054
-2.2937,7.9547,5.4707
-2.3543,7.8752,5.5188
-2.1379,7.9428,5.2826
-2.4903,8.1264,5.6355
-2.3613,7.9639,5.3878
-2.5356,7.9022,5.218
-2.4441,7.9615,5.1481
-2.3629,8.0242,5.422000000000001
-2.3442,8.1343,5.4275
-2.3890000000000002,8.1226,5.2603
-2.5012,8.0635,5.3511
-2.2693,7.9532,5.3247
-2.3174,8.0623,5.226
-2.3179,8.2418,5.1829
-2.5003,7.9636,5.3565
-2.1927,8.0341,5.4121
-2.4326,7.9444,5.4389
-2.2469,7.9923,5.2329
-2.349,8.0628,5.2781
-2.3643,7.9018,5.1763
-2.3438,7.8617,5.1743
-2.3004,8.0533,5.3297
-2.5767,8.0321,5.2141
-2.4629,8.0541,5.4131
-2.4272,7.9326,5.2612
-2.5038,8.0743,5.435
-2.4857,8.1049,5.4886
-2.3516,7.9639999999999995,5.3982
-2.3693,7.9532,5.3247
-2.2229,8.0541,5.4131
-2.5219,7.9641,5.4086
-2.3846,8.0912,5.1233
-2.3297,7.9933,5.3267
-2.3593,8.0629,5.2886
-2.3674,7.9227,5.2711
-2.4099,8.1428,5.2821
-2.3506,7.8739,5.3937
-2.3052,7.922000000000001,5.1982
-2.3595,7.8105,5.0468
-2.0881,8.0725,5.2474
-2.3559,7.9621,5.2106
-2.4918,8.0604,5.0384
-2.3731,7.9313,5.1257
-2.3414,8.0038,5.3794
-2.7723,8.1336,5.365
-2.2034,7.9048,5.4786
-2.2004,8.0533,5.3297
-2.1728,7.9843,5.4305
-2.3272,7.9625,5.2523
-2.1393,7.9832,5.3158
-2.3543,8.1443,5.428
-2.3608,7.9737,5.3674
-2.234,8.204,5.3998
-2.377,7.9425,5.2513
-2.3618,7.9043,5.4265
-2.3397,7.9334,5.3446
-2.313,8.1439,5.3864
-2.1597,8.1527,5.2722
-2.1626,8.1038,5.3844
-2.2785,7.8832,5.3212
-2.2513,8.0735,5.3516
-2.4085,7.9131,5.3123
-2.2344,8.0214,5.1407
-2.3007,7.9936,5.358
-2.2636,7.9248,5.4796
-2.3819,8.0737,5.3724
-2.2491,7.8535,5.351
-2.3239,7.9448,5.4806
-2.2686,8.0029,5.2856
-2.2915,7.9042,5.416
-2.4101,7.8339,5.3917
-2.4775,7.9626,5.2627
-2.3045,7.9417,5.1679
-2.3683,7.8931,5.3113
-2.5145,7.9218,5.1773
-2.2921,8.0339,5.3913
-2.403,8.1439,5.3864
-2.2983,8.0858,5.5814
-2.3138,8.1541,5.4077
-2.2988,7.962999999999999,5.3044
-2.3743,8.1742,5.4191
-2.4177,8.0325,5.2454
-2.4105,8.0633,5.3302
-2.4836,8.0012,5.1188
-2.2892,7.9233,5.3337
-2.3238,7.8816,5.1649
-2.5014,7.841,5.1004
-2.2382,7.7536,5.3564
-2.2411,8.1133,5.3327
-2.641,7.9638,5.3774
-2.4049,8.1445,5.4489
-2.5278,8.0724,5.237
-2.3995,8.1128,5.2806
-2.2305,8.0832,5.3208
-2.1995,7.9699,4.9922
-2.2301,7.9436,5.3555
-2.2313,8.0237,5.3699
-2.2448,8.1644,5.4395
-2.4728,7.9843,5.4305
-2.4232,8.1838,5.3779
-2.398,8.0026,5.2647
-2.3857,8.1016,5.1551
-2.4599,8.0033,5.3272
-2.6675,7.9327,5.2716
-2.4467,8.1119,5.1868
-2.279,7.9831,5.3054
-2.38,8.0731,5.3099
-2.4379,8.2452,5.5164
-2.4411,7.8708,5.081
-2.2052,8.035,5.4955
-2.3680000000000003,8.1156,5.562
-2.2738,8.0212,5.1198
-2.4302,8.0034,5.3377
-2.3496,8.1161,5.6141
-2.1455,7.8124,5.2448
-2.3481,8.315,5.4991
-2.4327,8.1438,5.3759
-2.3697,8.1261,5.6146
-2.1185,8.0726,5.2578
-2.2911,8.0037,5.3689
-2.2832,8.0741,5.4141
-2.4348,7.9451,5.5118
-2.4449,8.0349,5.4851
-2.3167,8.165,5.502000000000001
-2.3023,8.0838,5.3834
-2.5108,8.1132,5.3223
-2.4162,8.125,5.5
-2.1115,7.9806,5.0553
-2.2822,8.2632,5.3194
-2.5154,8.0251,5.5054
-2.5615,7.9839,5.3888
-2.2001,7.9436,5.3555
-2.2209,7.9339,5.3863
-2.2005,7.9238,5.3754
-2.3680000000000003,7.893,5.3009
-2.3981,8.0725,5.2474
-2.4455,8.1945,5.4514
-2.4199,8.1129,5.2911
-2.4629,7.9943,5.431
-2.4386,7.9729,5.2945
-2.4153,7.9619,5.1898
-2.4491,8.023,5.297000000000001
-2.4534,8.1241,5.4062
-2.1978,7.9328,5.2821
-2.2734,8.0642,5.4239999999999995
-2.4137,8.2537,5.371
-2.3759,7.9621,5.2106
-2.4757,8.0252,5.5158
-2.4391,7.8834,5.3421
-2.278,8.0326,5.2558
-2.6048,7.8122,5.2239
-2.4761,7.9223,5.2294
-2.4868,7.9557,5.5749
-2.4667,7.9723,5.2319
-2.4373,7.946000000000001,5.5952
-2.4238,7.9913,5.1287
-2.4558,8.0816,5.1645
-2.4975,8.2849,5.4872
-2.2718,8.0338,5.3809
-2.424,8.0345,5.4538
-2.1917,8.0039,5.3898
-2.4192,7.7838,5.3788
-2.3916,7.9341,5.4071
-2.3129,7.8648,5.4766
-2.4248,8.0248,5.4846
-2.3299,7.9834,5.3367
-2.5575,7.9327,5.2716
-2.2499,7.9235,5.3545
-2.5173,8.0223,5.2345
-2.303,7.9744,5.4404
-2.4088,7.8833,5.3317
-2.3873,7.9725,5.2528
-2.2803,8.2027,5.2747
-2.3778,7.882999999999999,5.3004
-2.4901,7.9735,5.3466
-2.5084,7.7935,5.348
-2.4007,8.0235,5.3491
-2.2898,7.8936,5.3634
-2.3854,8.0251,5.5054
-2.3516,8.0437,5.3709
-2.2958,8.0019,5.1918
-2.3231,7.9612,5.1168
-2.1907,7.9438,5.3764
-2.2738,7.9415,5.1471
-2.465,8.0149,5.4945
-2.7474,7.7932,5.3167
-2.3037,7.8451,5.5068
-2.064,7.9847,5.4722
-2.2604,8.0533,5.3297
-2.2475,8.0424,5.2355
-2.218,8.0026,5.2647
-2.3135,8.0742,5.4245
-2.4022,8.014,5.4007
-2.4825,8.0938,5.3839
-2.6054,8.1845,5.4509
-2.3715,8.0138,5.3799
-2.4521,8.0339,5.3913
-2.2572,7.8229999999999995,5.2974
-2.5209,8.0634,5.3407
-2.3141,7.8818,5.1753
-2.3971,8.0123,5.234
-2.2988,7.962999999999999,5.3044
-2.1586,7.9729,5.2945
-2.269,8.0628,5.2781
-2.4421,7.9841,5.4096
-2.4802,7.9236,5.3649
-2.3497,8.0431,5.3084
-2.4375,7.9925,5.2538
-2.3186,8.1357,5.5735
-2.3081,8.0426,5.2563
-2.2894,7.9932,5.3163
-2.1538,8.1043,5.426
-2.4916,7.9341,5.4071
-2.3115,8.0636,5.3615
-2.396,7.992000000000001,5.2017
-2.401,7.9937,5.3684
-2.3752,7.9021,5.2076
-2.5180000000000002,7.9528,5.2831
-2.2826,7.8314,5.1416
-2.4179,8.0824,5.2375
-2.1959999999999997,7.8625,5.2473
-2.3704,7.9437,5.3659
-2.3176,7.8331,5.3083
-2.3274,7.8131,5.3073
-2.3642,8.1941,5.4097
-2.2954,7.9453,5.5327
-2.271,8.1033,5.3322
-2.3236,7.8716,5.1644
-2.3994,7.9134,5.3436
-2.3239,8.1342,5.4171
-2.4523,7.9709,5.086
-2.4409,7.904,5.3952
-2.3738,7.9415,5.1471
-2.3989,7.973,5.3049
-2.4025,7.9643,5.4295
-2.4662,7.9024,5.2389
-2.4452,7.9519,5.1893
-2.31,8.0731,5.3099
-2.3377,8.3348,5.4792
-2.4991,7.9631,5.3148
-2.1708,8.0335,5.3496
-2.1897,7.9634,5.3357
-2.3826,8.2932,5.3209
-2.3957,7.7527,5.2731
-2.4287,8.0627,5.2677
-2.2016,7.9939,5.3893
-2.5265,8.042,5.2042
-2.4405,8.0633,5.3302
-2.4996,8.0929,5.2901
-2.5078,7.9328,5.2821
-2.3882,7.9927,5.2746
-2.3383,7.9529,5.2935
-2.3309,8.203,5.2956
-2.3385,8.0527,5.2672
-2.27,7.8538,5.3823
-2.4245,8.0846,5.4563
-2.289,7.9831,5.3054
-2.4715,7.7912,5.1187
-2.3629,7.9445,5.4493
-2.4188,7.992999999999999,5.2955
-2.3574,8.1951,5.5139
-2.3908,7.9239,5.3858
-2.4051,7.995,5.5039
-2.1241,7.915,5.4999
-2.1915,8.0935,5.3526
-2.2813,7.9938,5.3789
-2.3075,7.9925,5.2538
-2.4354,7.7227,5.2716
-2.32,8.0133,5.3277
-2.4688,8.1325,5.2504
-2.4215,7.9839,5.3888
-2.4716,8.1035,5.3531
-2.3198,8.0232,5.3178
-2.331,7.9439,5.3868
-2.4349,8.0614,5.1427
-2.2207,7.864,5.4036
-2.5188,7.962999999999999,5.3044
-2.4376,8.0224,5.2449
-2.3515,8.0935,5.3526
-2.3606,7.9338,5.3759
-2.2555,7.9221,5.2086
-2.4573,8.0223,5.2345
-2.388,8.0326,5.2558
-2.4529,7.8614,5.1431
-2.3646,7.9019,5.1868
-2.3656,7.8524,5.2364
-2.5965,8.042,5.2042
-2.4223,8.0838,5.3834
-2.3712,8.0137,5.3694
-2.2588,8.0229,5.2866
-2.2814,7.944,5.3972
-2.3762,8.0652,5.5178
-2.3621,7.9542,5.4185
-2.3133,8.0841,5.4146
-2.4067,8.0321,5.2141
-2.3264,7.8925,5.2488
-2.4455,8.0616,5.1635
-2.4461,7.9223,5.2294
-2.3717,7.8943,5.426
-2.3666,7.9656,5.5649
-2.1236,7.8916,5.155
-2.1979,7.9727,5.2736
-2.1862,8.0419,5.1938
-2.2434,7.8749,5.4875
-2.5586,7.8932,5.3217
-2.3808,8.0335,5.3496
-2.4044,7.8519,5.1947
-2.2837,8.2039,5.3894
-2.3959,8.1747,5.4712
-2.4034,8.1739,5.3879
-2.1886,7.9231,5.3128
-2.22,7.9934,5.3372
-2.1665,8.0653,5.5283
-2.2506,8.1231,5.3124
-2.2644,8.1842,5.4196
-2.3815,7.851,5.1009
-2.4155,7.9819,5.1908
-2.4748,8.1112,5.1243
-2.6243,8.0114,5.1402
-2.6217,7.9707,5.0652
-2.4108,7.9737,5.3674
-2.4446,8.0946,5.4568
-2.4082,7.8333,5.3292
-2.5495,8.0032,5.3168
-2.4034,8.0942,5.4151
-2.4323,7.9409,5.095
-2.2794,7.9134,5.3436
-2.3735,7.855,5.4969
-2.4215,8.1234,5.3437
-2.4331,8.0442,5.422999999999999
-2.5259,8.1249,5.4896
-2.2507,7.9936,5.358
-2.4514,7.9739,5.3883
-2.3974,7.9028,5.2806
-2.379,7.9831,5.3054
-2.3491,7.9133,5.3332
-2.4046,7.8420000000000005,5.2046
-2.4166,7.9125,5.2498
-2.3356,8.0716,5.164
-2.4601,8.0532,5.3193
-2.5221,8.1136,5.364
-2.4116,8.1833,5.3258
-2.2884,7.9031,5.3118
-2.406,7.8625,5.2473
-2.2119999999999997,8.0538,5.3819
-2.2208,8.0833,5.3312
-2.1785,7.8334,5.3396
-2.4918,7.984,5.3992
-2.4481,8.0924,5.2379999999999995
-2.3469,7.8528,5.2781
-2.2954,7.8922,5.2175
-2.2226,8.1338,5.3754
-2.4009,8.0634,5.3407
-2.2975,7.9626,5.2627
-2.4929,8.0242,5.422000000000001
-2.3216,7.9142,5.4165
-2.5299,8.1727,5.2732
-2.4801,8.0233,5.3282
-2.4223,8.1336,5.365
-2.2897,8.0132,5.3173
-2.2778,7.882999999999999,5.3004
-2.4878,7.9627,5.2731
-2.5099,8.093,5.3005
-2.339,7.9033,5.3327
-2.3892,7.8635,5.3515
-2.2499,8.093,5.3005
-2.2723,7.9443,5.4285
-2.4429,7.8614,5.1431
-2.3277,7.9228,5.2816
-2.367,8.0023,5.2334
-2.3835,7.9713,5.1277
-2.5916,8.1833,5.3258
-2.4408,8.0833,5.3312
-2.5882,8.1024,5.2385
-2.3307,8.163,5.303999999999999
-2.3183,8.0028,5.2751
-2.242,8.0837,5.3729
-2.5411,7.9206,5.0627
-2.343,7.9744,5.4404
-2.355,7.9319,5.1883
-2.4379,7.9926,5.2642
-2.4803,7.9636,5.3565
-2.2635,7.9945,5.4518
-2.2708,7.9239,5.3858
-2.2909,8.0136,5.359
-2.3595,7.8935,5.353
-2.4359,7.8525,5.2468
-2.4246,8.1444,5.4385
-2.2536,7.9215,5.1461
-2.2767,7.9723,5.2319
-2.3994,7.7739,5.3887
-2.0263,8.1018,5.1759
-2.2947,8.1245,5.4479
-2.3634,8.0642,5.4239999999999995
-2.4061,7.9721,5.2111
-2.2680000000000002,8.0026,5.2647
-2.358,7.9528,5.2831
-2.3502,8.113,5.3015
-2.4129,7.9943,5.431
-2.2761,7.7827,5.2746
-2.2441,7.8319,5.1937
-2.3783,7.7636,5.3569
-2.1615,7.9042,5.416
-2.2303,7.7742,5.42
-2.3892,8.0529,5.2881
-2.1278,7.7734,5.3366
-2.204,8.0412,5.1208
-2.2285,7.943,5.3034
-2.4066,7.9125,5.2498
-2.5183,7.9529,5.2935
-2.3541,7.9648,5.4816
-2.4713,7.9406,5.0637
-2.3566,8.1052,5.5198
-2.4806,8.152999999999999,5.3035
-2.2811,8.0037,5.3689
-2.3393,7.9832,5.3158
-2.2769999999999997,7.9425,5.2513
-2.3211,8.0037,5.3689
-2.338,8.0625,5.2469
-2.3409,8.0933,5.3317
-2.2163,7.9921,5.2121
-2.4869,7.9126,5.2602
-2.2159999999999997,7.9123,5.2289
-2.1514,7.8144,5.4428
-2.2423,7.9742,5.4195
-2.4106,7.9338,5.3759
-2.3480000000000003,7.9229,5.292000000000001
-2.2627,7.8946,5.4572
-2.1885,7.9929,5.2851
-2.2563,8.022,5.2032
-2.3414,8.0835,5.3521
-2.3983,7.9529,5.2935
-2.3253,8.0948,5.4777
-2.4075,7.9626,5.2627
-2.335,8.0748,5.4767
-2.3485,7.8334,5.3396
-2.4984,7.8234,5.3391
-2.3282,7.8831,5.3108
-2.3716,8.0238,5.3804
-2.5139,7.9249,5.49
-2.3284,8.0925,5.2484
-2.4065,8.145,5.501
-2.3743,8.224,5.4008
-2.4225,7.8513,5.1321
-2.3818,8.0637,5.3719
-2.2884,8.0427,5.2667
-2.3828,8.0441,5.4126
-2.4273,8.0523,5.2255
-2.3371,7.7332,5.3242
-2.2584,8.0427,5.2667
-2.0792,7.8635,5.3515
-2.4597,7.9933,5.3267
-2.3498,7.9734,5.3362
-2.4847,8.1843,5.43
-2.4517,8.1634,5.3353
-2.5387,8.0428,5.2771
-2.4553,8.1745,5.4504
-2.3705,8.1131,5.3119
-2.332,8.004,5.4002
-2.44,8.1229,5.2916
-2.3907,7.9404,5.0429
-2.4758,8.0019,5.1918
-2.4685,7.8334,5.3396
-2.5371,7.9824,5.2429
-2.1338,8.0444,5.4439
-2.1735,8.0742,5.4245
-2.4921,7.9243,5.4275
-2.3162,8.2845,5.4455
-2.5098,7.9734,5.3362
-2.3618,7.9541,5.4081
-2.4858,7.9222,5.218999999999999
-2.2622,7.9110000000000005,5.1039
-2.3139,7.9515,5.1476
-2.4033,7.8948,5.4781
-2.3438,8.1043,5.426
-2.3505,7.8938,5.3843
-2.6215,8.1433,5.3343
-2.4909,8.0634,5.3407
-2.3881,8.0426,5.2563
-2.281,8.1033,5.3322
-2.3291,7.9133,5.3332
-2.5695,8.1128,5.2806
-2.4859,7.9621,5.2106
-2.1509,7.9837,5.3679
-2.2198,8.1328,5.2816
-2.4552,7.9253,5.5317
-2.4345,8.0247,5.4742
-2.5086,7.9729,5.2945
-2.3696,8.0663,5.6325
-2.4147,8.0448,5.4752
-2.1291,8.1027,5.2697
-2.3604,8.2128,5.2752
-2.2632,7.9147,5.4687
-2.1493,7.8436,5.3609
-2.4819,7.9342,5.4175
-2.4719,8.1036,5.3635
-2.5092,7.9233,5.3337
-2.553,8.1439,5.3864
-2.4495,8.1327,5.2712
-2.4605,8.0334,5.3392
-2.4287,7.9032,5.3222
-2.2521,8.2233,5.3278
-2.3749,7.9252,5.5213
-2.4307,8.2129,5.2856
-2.2025,8.1537,5.3660000000000005
-2.5004,7.9437,5.3659
-2.5218,8.0936,5.3629999999999995
-2.3911,8.1432,5.3238
-2.415,8.0947,5.4672
-2.2515,7.9839,5.3888
-2.3808,8.1431,5.3134
-2.3598,7.9734,5.3362
-2.5159,7.9853,5.5347
-2.1688,8.0229,5.2866
-2.4198,8.1362,5.6151
-2.424,8.0944,5.436
-2.5701,8.0831,5.3104
-2.3493,7.9034,5.3431
-2.4565,8.0619,5.1948
-2.3324,7.9244,5.4379
-2.391,7.914,5.3957
-2.5692,7.9233,5.3337
-2.5827,7.8414,5.1421
-2.3528,7.9312,5.1153
-2.5979,8.0226,5.2553
-2.2153,7.932,5.1987
-2.1793,8.033,5.2975
-2.2871,7.9027,5.2701
-2.278,7.8133,5.3282
-2.4886,8.0826,5.2583
-2.5282,7.912999999999999,5.3019
-2.1157,7.9421,5.2096
-2.1692,7.8934,5.3426
-2.7354,8.1845,5.4509
-2.4148,8.1345,5.4484
-2.4462,8.125,5.5
-2.2295,8.0231,5.3074
-2.4868,7.9026,5.2597
-2.3717,7.9441,5.4076
-2.5811,7.9738,5.3779
-2.4352,8.1712,5.1169
-2.46,8.0133,5.3277
-2.3478,7.882999999999999,5.3004
-2.1124,8.0041,5.4106
-2.2079,7.8631,5.3098
-2.2073,7.9725,5.2528
-2.2151,7.912000000000001,5.1977
-2.5594,7.9333,5.3342
-2.219,8.0628,5.2781
-2.4102,8.1429,5.2926
-2.2461,8.002,5.2022
-2.1609,7.904,5.3952
-2.4388,8.0727,5.2682
-2.5556,8.0915,5.1546
-2.5056,8.0451,5.5064
-2.5269,8.1551,5.5119
-2.1439,7.9216,5.1565
-2.4695,8.0231,5.3074
-2.3582,7.9429,5.292999999999999
-2.3407,8.0534,5.3402
-2.2802,7.9835,5.3471
-2.4914,8.0005,5.0459
-2.273,8.084,5.4042
-2.2596,8.1161,5.6141
-2.3645,7.9749,5.4925
-2.4719,7.9641,5.4086
-2.3665,7.7929,5.2855
-2.3909,7.9339,5.3863
-2.1981,7.9329,5.2925
-2.3842,7.9715,5.1486
-2.4183,8.0626,5.2573
-2.4811,8.0037,5.3689
-2.4699,8.0332,5.3183
-2.4518,8.1434,5.3447
-2.3773,8.1353,5.5318
-2.4335,8.1839,5.3884
-2.2851,8.1047,5.4677
-2.4027,8.064,5.4032
-2.3492,7.8635,5.3515
-2.3806,8.0135,5.3486
-2.4722,7.7217,5.1673
-2.4236,7.8716,5.1644
-2.4793,7.9532,5.3247
-2.5073,8.0223,5.2345
-2.572,8.2133,5.3273
-2.3554,7.9719,5.1903
-2.3609999999999998,7.914,5.3957
-2.2095,8.0231,5.3074
-2.4498,7.9435,5.3451
-2.3277,7.872999999999999,5.2999
-2.4022,8.1835,5.3467
-2.2297,7.9634,5.3357
-2.3801,7.8339,5.3917
-2.2188,8.0229,5.2866
-2.3554,7.8922,5.2175
-2.3413,8.0436,5.3605
-2.468,8.0026,5.2647
-2.4189,8.003,5.296
-2.423,8.0342,5.4225
-2.5717,8.0537,5.3714
-2.3152,8.0649,5.4866
-2.1207,7.9936,5.358
-2.4385,8.0726,5.2578
-2.386,8.0219,5.1928
-2.2699,7.8405,5.0483
-2.2135,8.0244,5.4429
-2.4261,7.8924,5.2384
-2.3695,8.0231,5.3074
-2.4584,8.2553,5.5273
-2.6164,8.1118,5.1764
-2.4623,7.921,5.1044
-2.3874,7.9825,5.2533
-2.3346,7.872000000000001,5.1957
-2.3129,7.8614,5.1431
-2.4449,8.0913,5.1337
-2.3292,7.9732,5.3153
-2.1986,7.9231,5.3128
-2.329,8.1226,5.2603
-2.4102,8.0333,5.3287
-2.4202,8.0333,5.3287
-2.5026,8.2135,5.3482
-2.4736,7.9248,5.4796
-2.2166,7.7231,5.3132
-2.5235,8.0742,5.4245
-2.4877,8.1421,5.2092
-2.2935,8.2138,5.3794
-2.2066,8.1019,5.1863
-2.4063,8.1018,5.1759
-2.472,8.0007,5.0667
-2.4155,8.0351,5.5059
-2.1931,8.094,5.4047
-2.4558,7.8724,5.2374
-2.4227,8.064,5.4032
-2.4119,8.1036,5.3635
-2.3505,8.1928,5.2846
-2.5024,8.0639,5.3928
-2.4395,8.0231,5.3074
-2.3605,8.142999999999999,5.303
-2.431,8.0734,5.3412
-2.4073,7.9725,5.2528
-2.4469,8.102,5.1968
-2.5181,7.9628,5.2836
-2.3175,7.9925,5.2538
-2.545,7.9319,5.1883
-2.5423,8.2732,5.3199
-2.3825,7.961,5.096
-2.2913,8.1034,5.3427
-2.3967,7.9723,5.2319
-2.2352,7.9253,5.5317
-2.1966,7.8328,5.2771
-2.4269,7.9923,5.2329
-2.3385,8.1822,5.2216
-2.3649,7.902,5.1972
-2.4696,7.7108,5.0835
-2.4973,7.9426,5.2617
-2.3513,7.8343,5.4334
-2.4801,8.0233,5.3282
-2.1769,8.0455,5.5481
-2.6128,8.0142,5.4215
-2.3349,8.0648,5.4762
-2.3051,7.9718,5.1798
-2.2447,7.882000000000001,5.1962
-2.2412,7.9838,5.3784
-2.4735,8.1042,5.4156
-2.2923,7.9742,5.4195
-2.2683,8.0327,5.2662
-2.4233,8.0841,5.4146
-2.4429,8.074,5.4037
-2.4919,8.0438,5.3814
-2.4206,7.7942,5.421
-2.4475,8.0424,5.2355
-2.2318,7.9043,5.4265
-2.2515,7.9839,5.3888
-2.4419,8.1535,5.3452
-2.2815,8.1234,5.3437
-2.5729,7.8913,5.1342
-2.5215,8.0935,5.3526
-2.2224,7.9842,5.42
-2.5162,7.9323,5.2299
-2.2507,8.0534,5.3402
-2.6244,8.1244,5.4375
-2.5522,8.0439,5.3918
-2.282,7.7847,5.4726
-2.2775,8.0723,5.2265
-2.3964,8.1151,5.5099
-2.4005,7.843999999999999,5.4026
-2.3578,8.0125,5.2548
-2.4651,7.8921,5.2071
-2.3001,7.9735,5.3466
